,changepoint_prior_scale,seasonality_prior_scale,holidays_prior_scale,seasonality_mode,changepoint_range,mse
0,0.01,0.01,0.01,additive,0.8,0.0822661554794049
1,0.01,0.01,0.01,additive,0.85,0.053800747867838734
2,0.01,0.01,0.01,additive,0.9,0.04841903115938371
3,0.01,0.01,0.01,additive,0.95,0.04642901521704149
4,0.01,0.01,0.01,multiplicative,0.8,0.08201948994443647
5,0.01,0.01,0.01,multiplicative,0.85,0.05706672619377571
6,0.01,0.01,0.01,multiplicative,0.9,0.04729913432029467
7,0.01,0.01,0.01,multiplicative,0.95,0.0465526589858617
8,0.01,0.01,0.1,additive,0.8,0.0822661554794049
9,0.01,0.01,0.1,additive,0.85,0.053800747867838734
10,0.01,0.01,0.1,additive,0.9,0.04841903115938371
11,0.01,0.01,0.1,additive,0.95,0.04642901521704149
12,0.01,0.01,0.1,multiplicative,0.8,0.08201948994443647
13,0.01,0.01,0.1,multiplicative,0.85,0.05706672619377571
14,0.01,0.01,0.1,multiplicative,0.9,0.04729913432029467
15,0.01,0.01,0.1,multiplicative,0.95,0.0465526589858617
16,0.01,0.01,0.5,additive,0.8,0.0822661554794049
17,0.01,0.01,0.5,additive,0.85,0.053800747867838734
18,0.01,0.01,0.5,additive,0.9,0.04841903115938371
19,0.01,0.01,0.5,additive,0.95,0.04642901521704149
20,0.01,0.01,0.5,multiplicative,0.8,0.08201948994443647
21,0.01,0.01,0.5,multiplicative,0.85,0.05706672619377571
22,0.01,0.01,0.5,multiplicative,0.9,0.04729913432029467
23,0.01,0.01,0.5,multiplicative,0.95,0.0465526589858617
24,0.01,0.01,1.0,additive,0.8,0.0822661554794049
25,0.01,0.01,1.0,additive,0.85,0.053800747867838734
26,0.01,0.01,1.0,additive,0.9,0.04841903115938371
27,0.01,0.01,1.0,additive,0.95,0.04642901521704149
28,0.01,0.01,1.0,multiplicative,0.8,0.08201948994443647
29,0.01,0.01,1.0,multiplicative,0.85,0.05706672619377571
30,0.01,0.01,1.0,multiplicative,0.9,0.04729913432029467
31,0.01,0.01,1.0,multiplicative,0.95,0.0465526589858617
32,0.01,0.01,10.0,additive,0.8,0.0822661554794049
33,0.01,0.01,10.0,additive,0.85,0.053800747867838734
34,0.01,0.01,10.0,additive,0.9,0.04841903115938371
35,0.01,0.01,10.0,additive,0.95,0.04642901521704149
36,0.01,0.01,10.0,multiplicative,0.8,0.08201948994443647
37,0.01,0.01,10.0,multiplicative,0.85,0.05706672619377571
38,0.01,0.01,10.0,multiplicative,0.9,0.04729913432029467
39,0.01,0.01,10.0,multiplicative,0.95,0.0465526589858617
40,0.01,0.1,0.01,additive,0.8,0.08361434984606424
41,0.01,0.1,0.01,additive,0.85,0.0552573642737187
42,0.01,0.1,0.01,additive,0.9,0.04872325509076511
43,0.01,0.1,0.01,additive,0.95,0.045458898175858534
44,0.01,0.1,0.01,multiplicative,0.8,0.08174069586741105
45,0.01,0.1,0.01,multiplicative,0.85,0.052140539992956654
46,0.01,0.1,0.01,multiplicative,0.9,0.04772821789269725
47,0.01,0.1,0.01,multiplicative,0.95,0.04578793498182989
48,0.01,0.1,0.1,additive,0.8,0.08361434984606424
49,0.01,0.1,0.1,additive,0.85,0.0552573642737187
50,0.01,0.1,0.1,additive,0.9,0.04872325509076511
51,0.01,0.1,0.1,additive,0.95,0.045458898175858534
52,0.01,0.1,0.1,multiplicative,0.8,0.08174069586741105
53,0.01,0.1,0.1,multiplicative,0.85,0.052140539992956654
54,0.01,0.1,0.1,multiplicative,0.9,0.04772821789269725
55,0.01,0.1,0.1,multiplicative,0.95,0.04578793498182989
56,0.01,0.1,0.5,additive,0.8,0.08361434984606424
57,0.01,0.1,0.5,additive,0.85,0.0552573642737187
58,0.01,0.1,0.5,additive,0.9,0.04872325509076511
59,0.01,0.1,0.5,additive,0.95,0.045458898175858534
60,0.01,0.1,0.5,multiplicative,0.8,0.08174069586741105
61,0.01,0.1,0.5,multiplicative,0.85,0.052140539992956654
62,0.01,0.1,0.5,multiplicative,0.9,0.04772821789269725
63,0.01,0.1,0.5,multiplicative,0.95,0.04578793498182989
64,0.01,0.1,1.0,additive,0.8,0.08361434984606424
65,0.01,0.1,1.0,additive,0.85,0.0552573642737187
66,0.01,0.1,1.0,additive,0.9,0.04872325509076511
67,0.01,0.1,1.0,additive,0.95,0.045458898175858534
68,0.01,0.1,1.0,multiplicative,0.8,0.08174069586741105
69,0.01,0.1,1.0,multiplicative,0.85,0.052140539992956654
70,0.01,0.1,1.0,multiplicative,0.9,0.04772821789269725
71,0.01,0.1,1.0,multiplicative,0.95,0.04578793498182989
72,0.01,0.1,10.0,additive,0.8,0.08361434984606424
73,0.01,0.1,10.0,additive,0.85,0.0552573642737187
74,0.01,0.1,10.0,additive,0.9,0.04872325509076511
75,0.01,0.1,10.0,additive,0.95,0.045458898175858534
76,0.01,0.1,10.0,multiplicative,0.8,0.08174069586741105
77,0.01,0.1,10.0,multiplicative,0.85,0.052140539992956654
78,0.01,0.1,10.0,multiplicative,0.9,0.04772821789269725
79,0.01,0.1,10.0,multiplicative,0.95,0.04578793498182989
80,0.01,0.5,0.01,additive,0.8,0.08317076609120223
81,0.01,0.5,0.01,additive,0.85,0.052742973771880225
82,0.01,0.5,0.01,additive,0.9,0.049267013141258045
83,0.01,0.5,0.01,additive,0.95,0.047399645799481374
84,0.01,0.5,0.01,multiplicative,0.8,0.08536434269126486
85,0.01,0.5,0.01,multiplicative,0.85,0.052516955515332094
86,0.01,0.5,0.01,multiplicative,0.9,0.04970285631484528
87,0.01,0.5,0.01,multiplicative,0.95,0.0462540416765518
88,0.01,0.5,0.1,additive,0.8,0.08317076609120223
89,0.01,0.5,0.1,additive,0.85,0.052742973771880225
90,0.01,0.5,0.1,additive,0.9,0.049267013141258045
91,0.01,0.5,0.1,additive,0.95,0.047399645799481374
92,0.01,0.5,0.1,multiplicative,0.8,0.08536434269126486
93,0.01,0.5,0.1,multiplicative,0.85,0.052516955515332094
94,0.01,0.5,0.1,multiplicative,0.9,0.04970285631484528
95,0.01,0.5,0.1,multiplicative,0.95,0.0462540416765518
96,0.01,0.5,0.5,additive,0.8,0.08317076609120223
97,0.01,0.5,0.5,additive,0.85,0.052742973771880225
98,0.01,0.5,0.5,additive,0.9,0.049267013141258045
99,0.01,0.5,0.5,additive,0.95,0.047399645799481374
100,0.01,0.5,0.5,multiplicative,0.8,0.08536434269126486
101,0.01,0.5,0.5,multiplicative,0.85,0.052516955515332094
102,0.01,0.5,0.5,multiplicative,0.9,0.04970285631484528
103,0.01,0.5,0.5,multiplicative,0.95,0.0462540416765518
104,0.01,0.5,1.0,additive,0.8,0.08317076609120223
105,0.01,0.5,1.0,additive,0.85,0.052742973771880225
106,0.01,0.5,1.0,additive,0.9,0.049267013141258045
107,0.01,0.5,1.0,additive,0.95,0.047399645799481374
108,0.01,0.5,1.0,multiplicative,0.8,0.08536434269126486
109,0.01,0.5,1.0,multiplicative,0.85,0.052516955515332094
110,0.01,0.5,1.0,multiplicative,0.9,0.04970285631484528
111,0.01,0.5,1.0,multiplicative,0.95,0.0462540416765518
112,0.01,0.5,10.0,additive,0.8,0.08317076609120223
113,0.01,0.5,10.0,additive,0.85,0.052742973771880225
114,0.01,0.5,10.0,additive,0.9,0.049267013141258045
115,0.01,0.5,10.0,additive,0.95,0.047399645799481374
116,0.01,0.5,10.0,multiplicative,0.8,0.08536434269126486
117,0.01,0.5,10.0,multiplicative,0.85,0.052516955515332094
118,0.01,0.5,10.0,multiplicative,0.9,0.04970285631484528
119,0.01,0.5,10.0,multiplicative,0.95,0.0462540416765518
120,0.01,1.0,0.01,additive,0.8,0.08291882307064156
121,0.01,1.0,0.01,additive,0.85,0.053956742312509014
122,0.01,1.0,0.01,additive,0.9,0.050552660785362406
123,0.01,1.0,0.01,additive,0.95,0.04593521555970949
124,0.01,1.0,0.01,multiplicative,0.8,0.08174308792590128
125,0.01,1.0,0.01,multiplicative,0.85,0.05239477957090229
126,0.01,1.0,0.01,multiplicative,0.9,0.04886474346251871
127,0.01,1.0,0.01,multiplicative,0.95,0.048722570144398604
128,0.01,1.0,0.1,additive,0.8,0.08291882307064156
129,0.01,1.0,0.1,additive,0.85,0.053956742312509014
130,0.01,1.0,0.1,additive,0.9,0.050552660785362406
131,0.01,1.0,0.1,additive,0.95,0.04593521555970949
132,0.01,1.0,0.1,multiplicative,0.8,0.08174308792590128
133,0.01,1.0,0.1,multiplicative,0.85,0.05239477957090229
134,0.01,1.0,0.1,multiplicative,0.9,0.04886474346251871
135,0.01,1.0,0.1,multiplicative,0.95,0.048722570144398604
136,0.01,1.0,0.5,additive,0.8,0.08291882307064156
137,0.01,1.0,0.5,additive,0.85,0.053956742312509014
138,0.01,1.0,0.5,additive,0.9,0.050552660785362406
139,0.01,1.0,0.5,additive,0.95,0.04593521555970949
140,0.01,1.0,0.5,multiplicative,0.8,0.08174308792590128
141,0.01,1.0,0.5,multiplicative,0.85,0.05239477957090229
142,0.01,1.0,0.5,multiplicative,0.9,0.04886474346251871
143,0.01,1.0,0.5,multiplicative,0.95,0.048722570144398604
144,0.01,1.0,1.0,additive,0.8,0.08291882307064156
145,0.01,1.0,1.0,additive,0.85,0.053956742312509014
146,0.01,1.0,1.0,additive,0.9,0.050552660785362406
147,0.01,1.0,1.0,additive,0.95,0.04593521555970949
148,0.01,1.0,1.0,multiplicative,0.8,0.08174308792590128
149,0.01,1.0,1.0,multiplicative,0.85,0.05239477957090229
150,0.01,1.0,1.0,multiplicative,0.9,0.04886474346251871
151,0.01,1.0,1.0,multiplicative,0.95,0.048722570144398604
152,0.01,1.0,10.0,additive,0.8,0.08291882307064156
153,0.01,1.0,10.0,additive,0.85,0.053956742312509014
154,0.01,1.0,10.0,additive,0.9,0.050552660785362406
155,0.01,1.0,10.0,additive,0.95,0.04593521555970949
156,0.01,1.0,10.0,multiplicative,0.8,0.08174308792590128
157,0.01,1.0,10.0,multiplicative,0.85,0.05239477957090229
158,0.01,1.0,10.0,multiplicative,0.9,0.04886474346251871
159,0.01,1.0,10.0,multiplicative,0.95,0.048722570144398604
160,0.05,0.01,0.01,additive,0.8,0.0552386515060691
161,0.05,0.01,0.01,additive,0.85,0.03012418496107552
162,0.05,0.01,0.01,additive,0.9,0.038591673371322376
163,0.05,0.01,0.01,additive,0.95,0.039138382655721934
164,0.05,0.01,0.01,multiplicative,0.8,0.05549223790155089
165,0.05,0.01,0.01,multiplicative,0.85,0.03046938770600397
166,0.05,0.01,0.01,multiplicative,0.9,0.040341931248730346
167,0.05,0.01,0.01,multiplicative,0.95,0.03824901408196961
168,0.05,0.01,0.1,additive,0.8,0.0552386515060691
169,0.05,0.01,0.1,additive,0.85,0.03012418496107552
170,0.05,0.01,0.1,additive,0.9,0.038591673371322376
171,0.05,0.01,0.1,additive,0.95,0.039138382655721934
172,0.05,0.01,0.1,multiplicative,0.8,0.05549223790155089
173,0.05,0.01,0.1,multiplicative,0.85,0.03046938770600397
174,0.05,0.01,0.1,multiplicative,0.9,0.040341931248730346
175,0.05,0.01,0.1,multiplicative,0.95,0.03824901408196961
176,0.05,0.01,0.5,additive,0.8,0.0552386515060691
177,0.05,0.01,0.5,additive,0.85,0.03012418496107552
178,0.05,0.01,0.5,additive,0.9,0.038591673371322376
179,0.05,0.01,0.5,additive,0.95,0.039138382655721934
180,0.05,0.01,0.5,multiplicative,0.8,0.05549223790155089
181,0.05,0.01,0.5,multiplicative,0.85,0.03046938770600397
182,0.05,0.01,0.5,multiplicative,0.9,0.040341931248730346
183,0.05,0.01,0.5,multiplicative,0.95,0.03824901408196961
184,0.05,0.01,1.0,additive,0.8,0.0552386515060691
185,0.05,0.01,1.0,additive,0.85,0.03012418496107552
186,0.05,0.01,1.0,additive,0.9,0.038591673371322376
187,0.05,0.01,1.0,additive,0.95,0.039138382655721934
188,0.05,0.01,1.0,multiplicative,0.8,0.05549223790155089
189,0.05,0.01,1.0,multiplicative,0.85,0.03046938770600397
190,0.05,0.01,1.0,multiplicative,0.9,0.040341931248730346
191,0.05,0.01,1.0,multiplicative,0.95,0.03824901408196961
192,0.05,0.01,10.0,additive,0.8,0.0552386515060691
193,0.05,0.01,10.0,additive,0.85,0.03012418496107552
194,0.05,0.01,10.0,additive,0.9,0.038591673371322376
195,0.05,0.01,10.0,additive,0.95,0.039138382655721934
196,0.05,0.01,10.0,multiplicative,0.8,0.05549223790155089
197,0.05,0.01,10.0,multiplicative,0.85,0.03046938770600397
198,0.05,0.01,10.0,multiplicative,0.9,0.040341931248730346
199,0.05,0.01,10.0,multiplicative,0.95,0.03824901408196961
200,0.05,0.1,0.01,additive,0.8,0.055116576626979684
201,0.05,0.1,0.01,additive,0.85,0.030121508066519122
202,0.05,0.1,0.01,additive,0.9,0.03882307694761154
203,0.05,0.1,0.01,additive,0.95,0.03766842840731342
204,0.05,0.1,0.01,multiplicative,0.8,0.055672235286708
205,0.05,0.1,0.01,multiplicative,0.85,0.030590898247343897
206,0.05,0.1,0.01,multiplicative,0.9,0.04064649912754711
207,0.05,0.1,0.01,multiplicative,0.95,0.03757876964534619
208,0.05,0.1,0.1,additive,0.8,0.055116576626979684
209,0.05,0.1,0.1,additive,0.85,0.030121508066519122
210,0.05,0.1,0.1,additive,0.9,0.03882307694761154
211,0.05,0.1,0.1,additive,0.95,0.03766842840731342
212,0.05,0.1,0.1,multiplicative,0.8,0.055672235286708
213,0.05,0.1,0.1,multiplicative,0.85,0.030590898247343897
214,0.05,0.1,0.1,multiplicative,0.9,0.04064649912754711
215,0.05,0.1,0.1,multiplicative,0.95,0.03757876964534619
216,0.05,0.1,0.5,additive,0.8,0.055116576626979684
217,0.05,0.1,0.5,additive,0.85,0.030121508066519122
218,0.05,0.1,0.5,additive,0.9,0.03882307694761154
219,0.05,0.1,0.5,additive,0.95,0.03766842840731342
220,0.05,0.1,0.5,multiplicative,0.8,0.055672235286708
221,0.05,0.1,0.5,multiplicative,0.85,0.030590898247343897
222,0.05,0.1,0.5,multiplicative,0.9,0.04064649912754711
223,0.05,0.1,0.5,multiplicative,0.95,0.03757876964534619
224,0.05,0.1,1.0,additive,0.8,0.055116576626979684
225,0.05,0.1,1.0,additive,0.85,0.030121508066519122
226,0.05,0.1,1.0,additive,0.9,0.03882307694761154
227,0.05,0.1,1.0,additive,0.95,0.03766842840731342
228,0.05,0.1,1.0,multiplicative,0.8,0.055672235286708
229,0.05,0.1,1.0,multiplicative,0.85,0.030590898247343897
230,0.05,0.1,1.0,multiplicative,0.9,0.04064649912754711
231,0.05,0.1,1.0,multiplicative,0.95,0.03757876964534619
232,0.05,0.1,10.0,additive,0.8,0.055116576626979684
233,0.05,0.1,10.0,additive,0.85,0.030121508066519122
234,0.05,0.1,10.0,additive,0.9,0.03882307694761154
235,0.05,0.1,10.0,additive,0.95,0.03766842840731342
236,0.05,0.1,10.0,multiplicative,0.8,0.055672235286708
237,0.05,0.1,10.0,multiplicative,0.85,0.030590898247343897
238,0.05,0.1,10.0,multiplicative,0.9,0.04064649912754711
239,0.05,0.1,10.0,multiplicative,0.95,0.03757876964534619
240,0.05,0.5,0.01,additive,0.8,0.055313761063560694
241,0.05,0.5,0.01,additive,0.85,0.03023623021845519
242,0.05,0.5,0.01,additive,0.9,0.03921750075789788
243,0.05,0.5,0.01,additive,0.95,0.03771306170103129
244,0.05,0.5,0.01,multiplicative,0.8,0.05541399164715175
245,0.05,0.5,0.01,multiplicative,0.85,0.030695462066092097
246,0.05,0.5,0.01,multiplicative,0.9,0.039334005186419836
247,0.05,0.5,0.01,multiplicative,0.95,0.03783176681770751
248,0.05,0.5,0.1,additive,0.8,0.055313761063560694
249,0.05,0.5,0.1,additive,0.85,0.03023623021845519
250,0.05,0.5,0.1,additive,0.9,0.03921750075789788
251,0.05,0.5,0.1,additive,0.95,0.03771306170103129
252,0.05,0.5,0.1,multiplicative,0.8,0.05541399164715175
253,0.05,0.5,0.1,multiplicative,0.85,0.030695462066092097
254,0.05,0.5,0.1,multiplicative,0.9,0.039334005186419836
255,0.05,0.5,0.1,multiplicative,0.95,0.03783176681770751
256,0.05,0.5,0.5,additive,0.8,0.055313761063560694
257,0.05,0.5,0.5,additive,0.85,0.03023623021845519
258,0.05,0.5,0.5,additive,0.9,0.03921750075789788
259,0.05,0.5,0.5,additive,0.95,0.03771306170103129
260,0.05,0.5,0.5,multiplicative,0.8,0.05541399164715175
261,0.05,0.5,0.5,multiplicative,0.85,0.030695462066092097
262,0.05,0.5,0.5,multiplicative,0.9,0.039334005186419836
263,0.05,0.5,0.5,multiplicative,0.95,0.03783176681770751
264,0.05,0.5,1.0,additive,0.8,0.055313761063560694
265,0.05,0.5,1.0,additive,0.85,0.03023623021845519
266,0.05,0.5,1.0,additive,0.9,0.03921750075789788
267,0.05,0.5,1.0,additive,0.95,0.03771306170103129
268,0.05,0.5,1.0,multiplicative,0.8,0.05541399164715175
269,0.05,0.5,1.0,multiplicative,0.85,0.030695462066092097
270,0.05,0.5,1.0,multiplicative,0.9,0.039334005186419836
271,0.05,0.5,1.0,multiplicative,0.95,0.03783176681770751
272,0.05,0.5,10.0,additive,0.8,0.055313761063560694
273,0.05,0.5,10.0,additive,0.85,0.03023623021845519
274,0.05,0.5,10.0,additive,0.9,0.03921750075789788
275,0.05,0.5,10.0,additive,0.95,0.03771306170103129
276,0.05,0.5,10.0,multiplicative,0.8,0.05541399164715175
277,0.05,0.5,10.0,multiplicative,0.85,0.030695462066092097
278,0.05,0.5,10.0,multiplicative,0.9,0.039334005186419836
279,0.05,0.5,10.0,multiplicative,0.95,0.03783176681770751
280,0.05,1.0,0.01,additive,0.8,0.05614570375202503
281,0.05,1.0,0.01,additive,0.85,0.03045171559261389
282,0.05,1.0,0.01,additive,0.9,0.038813156069565126
283,0.05,1.0,0.01,additive,0.95,0.036859096583610355
284,0.05,1.0,0.01,multiplicative,0.8,0.05578965835617766
285,0.05,1.0,0.01,multiplicative,0.85,0.03077895315919193
286,0.05,1.0,0.01,multiplicative,0.9,0.03840743308795176
287,0.05,1.0,0.01,multiplicative,0.95,0.03870724185320869
288,0.05,1.0,0.1,additive,0.8,0.05614570375202503
289,0.05,1.0,0.1,additive,0.85,0.03045171559261389
290,0.05,1.0,0.1,additive,0.9,0.038813156069565126
291,0.05,1.0,0.1,additive,0.95,0.036859096583610355
292,0.05,1.0,0.1,multiplicative,0.8,0.05578965835617766
293,0.05,1.0,0.1,multiplicative,0.85,0.03077895315919193
294,0.05,1.0,0.1,multiplicative,0.9,0.03840743308795176
295,0.05,1.0,0.1,multiplicative,0.95,0.03870724185320869
296,0.05,1.0,0.5,additive,0.8,0.05614570375202503
297,0.05,1.0,0.5,additive,0.85,0.03045171559261389
298,0.05,1.0,0.5,additive,0.9,0.038813156069565126
299,0.05,1.0,0.5,additive,0.95,0.036859096583610355
300,0.05,1.0,0.5,multiplicative,0.8,0.05578965835617766
301,0.05,1.0,0.5,multiplicative,0.85,0.03077895315919193
302,0.05,1.0,0.5,multiplicative,0.9,0.03840743308795176
303,0.05,1.0,0.5,multiplicative,0.95,0.03870724185320869
304,0.05,1.0,1.0,additive,0.8,0.05614570375202503
305,0.05,1.0,1.0,additive,0.85,0.03045171559261389
306,0.05,1.0,1.0,additive,0.9,0.038813156069565126
307,0.05,1.0,1.0,additive,0.95,0.036859096583610355
308,0.05,1.0,1.0,multiplicative,0.8,0.05578965835617766
309,0.05,1.0,1.0,multiplicative,0.85,0.03077895315919193
310,0.05,1.0,1.0,multiplicative,0.9,0.03840743308795176
311,0.05,1.0,1.0,multiplicative,0.95,0.03870724185320869
312,0.05,1.0,10.0,additive,0.8,0.05614570375202503
313,0.05,1.0,10.0,additive,0.85,0.03045171559261389
314,0.05,1.0,10.0,additive,0.9,0.038813156069565126
315,0.05,1.0,10.0,additive,0.95,0.036859096583610355
316,0.05,1.0,10.0,multiplicative,0.8,0.05578965835617766
317,0.05,1.0,10.0,multiplicative,0.85,0.03077895315919193
318,0.05,1.0,10.0,multiplicative,0.9,0.03840743308795176
319,0.05,1.0,10.0,multiplicative,0.95,0.03870724185320869
320,0.1,0.01,0.01,additive,0.8,0.0482781648336312
321,0.1,0.01,0.01,additive,0.85,0.027125749137546944
322,0.1,0.01,0.01,additive,0.9,0.04721273851918079
323,0.1,0.01,0.01,additive,0.95,0.03253071682914583
324,0.1,0.01,0.01,multiplicative,0.8,0.047886301512036454
325,0.1,0.01,0.01,multiplicative,0.85,0.027383056377327197
326,0.1,0.01,0.01,multiplicative,0.9,0.047491468225549976
327,0.1,0.01,0.01,multiplicative,0.95,0.03258525671436297
328,0.1,0.01,0.1,additive,0.8,0.0482781648336312
329,0.1,0.01,0.1,additive,0.85,0.027125749137546944
330,0.1,0.01,0.1,additive,0.9,0.04721273851918079
331,0.1,0.01,0.1,additive,0.95,0.03253071682914583
332,0.1,0.01,0.1,multiplicative,0.8,0.047886301512036454
333,0.1,0.01,0.1,multiplicative,0.85,0.027383056377327197
334,0.1,0.01,0.1,multiplicative,0.9,0.047491468225549976
335,0.1,0.01,0.1,multiplicative,0.95,0.03258525671436297
336,0.1,0.01,0.5,additive,0.8,0.0482781648336312
337,0.1,0.01,0.5,additive,0.85,0.027125749137546944
338,0.1,0.01,0.5,additive,0.9,0.04721273851918079
339,0.1,0.01,0.5,additive,0.95,0.03253071682914583
340,0.1,0.01,0.5,multiplicative,0.8,0.047886301512036454
341,0.1,0.01,0.5,multiplicative,0.85,0.027383056377327197
342,0.1,0.01,0.5,multiplicative,0.9,0.047491468225549976
343,0.1,0.01,0.5,multiplicative,0.95,0.03258525671436297
344,0.1,0.01,1.0,additive,0.8,0.0482781648336312
345,0.1,0.01,1.0,additive,0.85,0.027125749137546944
346,0.1,0.01,1.0,additive,0.9,0.04721273851918079
347,0.1,0.01,1.0,additive,0.95,0.03253071682914583
348,0.1,0.01,1.0,multiplicative,0.8,0.047886301512036454
349,0.1,0.01,1.0,multiplicative,0.85,0.027383056377327197
350,0.1,0.01,1.0,multiplicative,0.9,0.047491468225549976
351,0.1,0.01,1.0,multiplicative,0.95,0.03258525671436297
352,0.1,0.01,10.0,additive,0.8,0.0482781648336312
353,0.1,0.01,10.0,additive,0.85,0.027125749137546944
354,0.1,0.01,10.0,additive,0.9,0.04721273851918079
355,0.1,0.01,10.0,additive,0.95,0.03253071682914583
356,0.1,0.01,10.0,multiplicative,0.8,0.047886301512036454
357,0.1,0.01,10.0,multiplicative,0.85,0.027383056377327197
358,0.1,0.01,10.0,multiplicative,0.9,0.047491468225549976
359,0.1,0.01,10.0,multiplicative,0.95,0.03258525671436297
360,0.1,0.1,0.01,additive,0.8,0.04730848046438564
361,0.1,0.1,0.01,additive,0.85,0.027187032393374395
362,0.1,0.1,0.01,additive,0.9,0.04761186745835626
363,0.1,0.1,0.01,additive,0.95,0.032671438407928195
364,0.1,0.1,0.01,multiplicative,0.8,0.048942755583983484
365,0.1,0.1,0.01,multiplicative,0.85,0.027364755384510487
366,0.1,0.1,0.01,multiplicative,0.9,0.048195304379416215
367,0.1,0.1,0.01,multiplicative,0.95,0.03256639090972114
368,0.1,0.1,0.1,additive,0.8,0.04730848046438564
369,0.1,0.1,0.1,additive,0.85,0.027187032393374395
370,0.1,0.1,0.1,additive,0.9,0.04761186745835626
371,0.1,0.1,0.1,additive,0.95,0.032671438407928195
372,0.1,0.1,0.1,multiplicative,0.8,0.048942755583983484
373,0.1,0.1,0.1,multiplicative,0.85,0.027364755384510487
374,0.1,0.1,0.1,multiplicative,0.9,0.048195304379416215
375,0.1,0.1,0.1,multiplicative,0.95,0.03256639090972114
376,0.1,0.1,0.5,additive,0.8,0.04730848046438564
377,0.1,0.1,0.5,additive,0.85,0.027187032393374395
378,0.1,0.1,0.5,additive,0.9,0.04761186745835626
379,0.1,0.1,0.5,additive,0.95,0.032671438407928195
380,0.1,0.1,0.5,multiplicative,0.8,0.048942755583983484
381,0.1,0.1,0.5,multiplicative,0.85,0.027364755384510487
382,0.1,0.1,0.5,multiplicative,0.9,0.048195304379416215
383,0.1,0.1,0.5,multiplicative,0.95,0.03256639090972114
384,0.1,0.1,1.0,additive,0.8,0.04730848046438564
385,0.1,0.1,1.0,additive,0.85,0.027187032393374395
386,0.1,0.1,1.0,additive,0.9,0.04761186745835626
387,0.1,0.1,1.0,additive,0.95,0.032671438407928195
388,0.1,0.1,1.0,multiplicative,0.8,0.048942755583983484
389,0.1,0.1,1.0,multiplicative,0.85,0.027364755384510487
390,0.1,0.1,1.0,multiplicative,0.9,0.048195304379416215
391,0.1,0.1,1.0,multiplicative,0.95,0.03256639090972114
392,0.1,0.1,10.0,additive,0.8,0.04730848046438564
393,0.1,0.1,10.0,additive,0.85,0.027187032393374395
394,0.1,0.1,10.0,additive,0.9,0.04761186745835626
395,0.1,0.1,10.0,additive,0.95,0.032671438407928195
396,0.1,0.1,10.0,multiplicative,0.8,0.048942755583983484
397,0.1,0.1,10.0,multiplicative,0.85,0.027364755384510487
398,0.1,0.1,10.0,multiplicative,0.9,0.048195304379416215
399,0.1,0.1,10.0,multiplicative,0.95,0.03256639090972114
400,0.1,0.5,0.01,additive,0.8,0.0482722932382959
401,0.1,0.5,0.01,additive,0.85,0.027353989511774163
402,0.1,0.5,0.01,additive,0.9,0.048042510018420595
403,0.1,0.5,0.01,additive,0.95,0.03200650667471205
404,0.1,0.5,0.01,multiplicative,0.8,0.04885725545344459
405,0.1,0.5,0.01,multiplicative,0.85,0.027560629919293467
406,0.1,0.5,0.01,multiplicative,0.9,0.04827256751784392
407,0.1,0.5,0.01,multiplicative,0.95,0.03247405146233764
408,0.1,0.5,0.1,additive,0.8,0.0482722932382959
409,0.1,0.5,0.1,additive,0.85,0.027353989511774163
410,0.1,0.5,0.1,additive,0.9,0.048042510018420595
411,0.1,0.5,0.1,additive,0.95,0.03200650667471205
412,0.1,0.5,0.1,multiplicative,0.8,0.04885725545344459
413,0.1,0.5,0.1,multiplicative,0.85,0.027560629919293467
414,0.1,0.5,0.1,multiplicative,0.9,0.04827256751784392
415,0.1,0.5,0.1,multiplicative,0.95,0.03247405146233764
416,0.1,0.5,0.5,additive,0.8,0.0482722932382959
417,0.1,0.5,0.5,additive,0.85,0.027353989511774163
418,0.1,0.5,0.5,additive,0.9,0.048042510018420595
419,0.1,0.5,0.5,additive,0.95,0.03200650667471205
420,0.1,0.5,0.5,multiplicative,0.8,0.04885725545344459
421,0.1,0.5,0.5,multiplicative,0.85,0.027560629919293467
422,0.1,0.5,0.5,multiplicative,0.9,0.04827256751784392
423,0.1,0.5,0.5,multiplicative,0.95,0.03247405146233764
424,0.1,0.5,1.0,additive,0.8,0.0482722932382959
425,0.1,0.5,1.0,additive,0.85,0.027353989511774163
426,0.1,0.5,1.0,additive,0.9,0.048042510018420595
427,0.1,0.5,1.0,additive,0.95,0.03200650667471205
428,0.1,0.5,1.0,multiplicative,0.8,0.04885725545344459
429,0.1,0.5,1.0,multiplicative,0.85,0.027560629919293467
430,0.1,0.5,1.0,multiplicative,0.9,0.04827256751784392
431,0.1,0.5,1.0,multiplicative,0.95,0.03247405146233764
432,0.1,0.5,10.0,additive,0.8,0.0482722932382959
433,0.1,0.5,10.0,additive,0.85,0.027353989511774163
434,0.1,0.5,10.0,additive,0.9,0.048042510018420595
435,0.1,0.5,10.0,additive,0.95,0.03200650667471205
436,0.1,0.5,10.0,multiplicative,0.8,0.04885725545344459
437,0.1,0.5,10.0,multiplicative,0.85,0.027560629919293467
438,0.1,0.5,10.0,multiplicative,0.9,0.04827256751784392
439,0.1,0.5,10.0,multiplicative,0.95,0.03247405146233764
440,0.1,1.0,0.01,additive,0.8,0.047763491551859015
441,0.1,1.0,0.01,additive,0.85,0.027135662885699564
442,0.1,1.0,0.01,additive,0.9,0.047698749253549076
443,0.1,1.0,0.01,additive,0.95,0.03249239812262311
444,0.1,1.0,0.01,multiplicative,0.8,0.048051460733118084
445,0.1,1.0,0.01,multiplicative,0.85,0.027568297822448466
446,0.1,1.0,0.01,multiplicative,0.9,0.04813626882643104
447,0.1,1.0,0.01,multiplicative,0.95,0.03303384232438074
448,0.1,1.0,0.1,additive,0.8,0.047763491551859015
449,0.1,1.0,0.1,additive,0.85,0.027135662885699564
450,0.1,1.0,0.1,additive,0.9,0.047698749253549076
451,0.1,1.0,0.1,additive,0.95,0.03249239812262311
452,0.1,1.0,0.1,multiplicative,0.8,0.048051460733118084
453,0.1,1.0,0.1,multiplicative,0.85,0.027568297822448466
454,0.1,1.0,0.1,multiplicative,0.9,0.04813626882643104
455,0.1,1.0,0.1,multiplicative,0.95,0.03303384232438074
456,0.1,1.0,0.5,additive,0.8,0.047763491551859015
457,0.1,1.0,0.5,additive,0.85,0.027135662885699564
458,0.1,1.0,0.5,additive,0.9,0.047698749253549076
459,0.1,1.0,0.5,additive,0.95,0.03249239812262311
460,0.1,1.0,0.5,multiplicative,0.8,0.048051460733118084
461,0.1,1.0,0.5,multiplicative,0.85,0.027568297822448466
462,0.1,1.0,0.5,multiplicative,0.9,0.04813626882643104
463,0.1,1.0,0.5,multiplicative,0.95,0.03303384232438074
464,0.1,1.0,1.0,additive,0.8,0.047763491551859015
465,0.1,1.0,1.0,additive,0.85,0.027135662885699564
466,0.1,1.0,1.0,additive,0.9,0.047698749253549076
467,0.1,1.0,1.0,additive,0.95,0.03249239812262311
468,0.1,1.0,1.0,multiplicative,0.8,0.048051460733118084
469,0.1,1.0,1.0,multiplicative,0.85,0.027568297822448466
470,0.1,1.0,1.0,multiplicative,0.9,0.04813626882643104
471,0.1,1.0,1.0,multiplicative,0.95,0.03303384232438074
472,0.1,1.0,10.0,additive,0.8,0.047763491551859015
473,0.1,1.0,10.0,additive,0.85,0.027135662885699564
474,0.1,1.0,10.0,additive,0.9,0.047698749253549076
475,0.1,1.0,10.0,additive,0.95,0.03249239812262311
476,0.1,1.0,10.0,multiplicative,0.8,0.048051460733118084
477,0.1,1.0,10.0,multiplicative,0.85,0.027568297822448466
478,0.1,1.0,10.0,multiplicative,0.9,0.04813626882643104
479,0.1,1.0,10.0,multiplicative,0.95,0.03303384232438074
480,0.5,0.01,0.01,additive,0.8,0.04317098495256999
481,0.5,0.01,0.01,additive,0.85,0.027124791874870442
482,0.5,0.01,0.01,additive,0.9,0.053741530717055536
483,0.5,0.01,0.01,additive,0.95,0.0329708480127402
484,0.5,0.01,0.01,multiplicative,0.8,0.04371565296109067
485,0.5,0.01,0.01,multiplicative,0.85,0.027296824479533792
486,0.5,0.01,0.01,multiplicative,0.9,0.05419557460678929
487,0.5,0.01,0.01,multiplicative,0.95,0.03313084359281215
488,0.5,0.01,0.1,additive,0.8,0.04317098495256999
489,0.5,0.01,0.1,additive,0.85,0.027124791874870442
490,0.5,0.01,0.1,additive,0.9,0.053741530717055536
491,0.5,0.01,0.1,additive,0.95,0.0329708480127402
492,0.5,0.01,0.1,multiplicative,0.8,0.04371565296109067
493,0.5,0.01,0.1,multiplicative,0.85,0.027296824479533792
494,0.5,0.01,0.1,multiplicative,0.9,0.05419557460678929
495,0.5,0.01,0.1,multiplicative,0.95,0.03313084359281215
496,0.5,0.01,0.5,additive,0.8,0.04317098495256999
497,0.5,0.01,0.5,additive,0.85,0.027124791874870442
498,0.5,0.01,0.5,additive,0.9,0.053741530717055536
499,0.5,0.01,0.5,additive,0.95,0.0329708480127402
500,0.5,0.01,0.5,multiplicative,0.8,0.04371565296109067
501,0.5,0.01,0.5,multiplicative,0.85,0.027296824479533792
502,0.5,0.01,0.5,multiplicative,0.9,0.05419557460678929
503,0.5,0.01,0.5,multiplicative,0.95,0.03313084359281215
504,0.5,0.01,1.0,additive,0.8,0.04317098495256999
505,0.5,0.01,1.0,additive,0.85,0.027124791874870442
506,0.5,0.01,1.0,additive,0.9,0.053741530717055536
507,0.5,0.01,1.0,additive,0.95,0.0329708480127402
508,0.5,0.01,1.0,multiplicative,0.8,0.04371565296109067
509,0.5,0.01,1.0,multiplicative,0.85,0.027296824479533792
510,0.5,0.01,1.0,multiplicative,0.9,0.05419557460678929
511,0.5,0.01,1.0,multiplicative,0.95,0.03313084359281215
512,0.5,0.01,10.0,additive,0.8,0.04317098495256999
513,0.5,0.01,10.0,additive,0.85,0.027124791874870442
514,0.5,0.01,10.0,additive,0.9,0.053741530717055536
515,0.5,0.01,10.0,additive,0.95,0.0329708480127402
516,0.5,0.01,10.0,multiplicative,0.8,0.04371565296109067
517,0.5,0.01,10.0,multiplicative,0.85,0.027296824479533792
518,0.5,0.01,10.0,multiplicative,0.9,0.05419557460678929
519,0.5,0.01,10.0,multiplicative,0.95,0.03313084359281215
520,0.5,0.1,0.01,additive,0.8,0.04339508935682404
521,0.5,0.1,0.01,additive,0.85,0.027146597780921242
522,0.5,0.1,0.01,additive,0.9,0.053763779133278095
523,0.5,0.1,0.01,additive,0.95,0.03300660327483402
524,0.5,0.1,0.01,multiplicative,0.8,0.043659020814813335
525,0.5,0.1,0.01,multiplicative,0.85,0.02754218478857535
526,0.5,0.1,0.01,multiplicative,0.9,0.05458959699876412
527,0.5,0.1,0.01,multiplicative,0.95,0.033142372306421204
528,0.5,0.1,0.1,additive,0.8,0.04339508935682404
529,0.5,0.1,0.1,additive,0.85,0.027146597780921242
530,0.5,0.1,0.1,additive,0.9,0.053763779133278095
531,0.5,0.1,0.1,additive,0.95,0.03300660327483402
532,0.5,0.1,0.1,multiplicative,0.8,0.043659020814813335
533,0.5,0.1,0.1,multiplicative,0.85,0.02754218478857535
534,0.5,0.1,0.1,multiplicative,0.9,0.05458959699876412
535,0.5,0.1,0.1,multiplicative,0.95,0.033142372306421204
536,0.5,0.1,0.5,additive,0.8,0.04339508935682404
537,0.5,0.1,0.5,additive,0.85,0.027146597780921242
538,0.5,0.1,0.5,additive,0.9,0.053763779133278095
539,0.5,0.1,0.5,additive,0.95,0.03300660327483402
540,0.5,0.1,0.5,multiplicative,0.8,0.043659020814813335
541,0.5,0.1,0.5,multiplicative,0.85,0.02754218478857535
542,0.5,0.1,0.5,multiplicative,0.9,0.05458959699876412
543,0.5,0.1,0.5,multiplicative,0.95,0.033142372306421204
544,0.5,0.1,1.0,additive,0.8,0.04339508935682404
545,0.5,0.1,1.0,additive,0.85,0.027146597780921242
546,0.5,0.1,1.0,additive,0.9,0.053763779133278095
547,0.5,0.1,1.0,additive,0.95,0.03300660327483402
548,0.5,0.1,1.0,multiplicative,0.8,0.043659020814813335
549,0.5,0.1,1.0,multiplicative,0.85,0.02754218478857535
550,0.5,0.1,1.0,multiplicative,0.9,0.05458959699876412
551,0.5,0.1,1.0,multiplicative,0.95,0.033142372306421204
552,0.5,0.1,10.0,additive,0.8,0.04339508935682404
553,0.5,0.1,10.0,additive,0.85,0.027146597780921242
554,0.5,0.1,10.0,additive,0.9,0.053763779133278095
555,0.5,0.1,10.0,additive,0.95,0.03300660327483402
556,0.5,0.1,10.0,multiplicative,0.8,0.043659020814813335
557,0.5,0.1,10.0,multiplicative,0.85,0.02754218478857535
558,0.5,0.1,10.0,multiplicative,0.9,0.05458959699876412
559,0.5,0.1,10.0,multiplicative,0.95,0.033142372306421204
560,0.5,0.5,0.01,additive,0.8,0.04335070568908357
561,0.5,0.5,0.01,additive,0.85,0.02721042243966825
562,0.5,0.5,0.01,additive,0.9,0.05405768377093931
563,0.5,0.5,0.01,additive,0.95,0.032890953058286106
564,0.5,0.5,0.01,multiplicative,0.8,0.04368032861803852
565,0.5,0.5,0.01,multiplicative,0.85,0.027439540501606567
566,0.5,0.5,0.01,multiplicative,0.9,0.054751299809211215
567,0.5,0.5,0.01,multiplicative,0.95,0.03302636329243174
568,0.5,0.5,0.1,additive,0.8,0.04335070568908357
569,0.5,0.5,0.1,additive,0.85,0.02721042243966825
570,0.5,0.5,0.1,additive,0.9,0.05405768377093931
571,0.5,0.5,0.1,additive,0.95,0.032890953058286106
572,0.5,0.5,0.1,multiplicative,0.8,0.04368032861803852
573,0.5,0.5,0.1,multiplicative,0.85,0.027439540501606567
574,0.5,0.5,0.1,multiplicative,0.9,0.054751299809211215
575,0.5,0.5,0.1,multiplicative,0.95,0.03302636329243174
576,0.5,0.5,0.5,additive,0.8,0.04335070568908357
577,0.5,0.5,0.5,additive,0.85,0.02721042243966825
578,0.5,0.5,0.5,additive,0.9,0.05405768377093931
579,0.5,0.5,0.5,additive,0.95,0.032890953058286106
580,0.5,0.5,0.5,multiplicative,0.8,0.04368032861803852
581,0.5,0.5,0.5,multiplicative,0.85,0.027439540501606567
582,0.5,0.5,0.5,multiplicative,0.9,0.054751299809211215
583,0.5,0.5,0.5,multiplicative,0.95,0.03302636329243174
584,0.5,0.5,1.0,additive,0.8,0.04335070568908357
585,0.5,0.5,1.0,additive,0.85,0.02721042243966825
586,0.5,0.5,1.0,additive,0.9,0.05405768377093931
587,0.5,0.5,1.0,additive,0.95,0.032890953058286106
588,0.5,0.5,1.0,multiplicative,0.8,0.04368032861803852
589,0.5,0.5,1.0,multiplicative,0.85,0.027439540501606567
590,0.5,0.5,1.0,multiplicative,0.9,0.054751299809211215
591,0.5,0.5,1.0,multiplicative,0.95,0.03302636329243174
592,0.5,0.5,10.0,additive,0.8,0.04335070568908357
593,0.5,0.5,10.0,additive,0.85,0.02721042243966825
594,0.5,0.5,10.0,additive,0.9,0.05405768377093931
595,0.5,0.5,10.0,additive,0.95,0.032890953058286106
596,0.5,0.5,10.0,multiplicative,0.8,0.04368032861803852
597,0.5,0.5,10.0,multiplicative,0.85,0.027439540501606567
598,0.5,0.5,10.0,multiplicative,0.9,0.054751299809211215
599,0.5,0.5,10.0,multiplicative,0.95,0.03302636329243174
600,0.5,1.0,0.01,additive,0.8,0.04318229535247833
601,0.5,1.0,0.01,additive,0.85,0.02717345466262612
602,0.5,1.0,0.01,additive,0.9,0.05387977883824426
603,0.5,1.0,0.01,additive,0.95,0.03262358891160806
604,0.5,1.0,0.01,multiplicative,0.8,0.04355431883055728
605,0.5,1.0,0.01,multiplicative,0.85,0.027528270569426718
606,0.5,1.0,0.01,multiplicative,0.9,0.05472705992735089
607,0.5,1.0,0.01,multiplicative,0.95,0.033104363915604826
608,0.5,1.0,0.1,additive,0.8,0.04318229535247833
609,0.5,1.0,0.1,additive,0.85,0.02717345466262612
610,0.5,1.0,0.1,additive,0.9,0.05387977883824426
611,0.5,1.0,0.1,additive,0.95,0.03262358891160806
612,0.5,1.0,0.1,multiplicative,0.8,0.04355431883055728
613,0.5,1.0,0.1,multiplicative,0.85,0.027528270569426718
614,0.5,1.0,0.1,multiplicative,0.9,0.05472705992735089
615,0.5,1.0,0.1,multiplicative,0.95,0.033104363915604826
616,0.5,1.0,0.5,additive,0.8,0.04318229535247833
617,0.5,1.0,0.5,additive,0.85,0.02717345466262612
618,0.5,1.0,0.5,additive,0.9,0.05387977883824426
619,0.5,1.0,0.5,additive,0.95,0.03262358891160806
620,0.5,1.0,0.5,multiplicative,0.8,0.04355431883055728
621,0.5,1.0,0.5,multiplicative,0.85,0.027528270569426718
622,0.5,1.0,0.5,multiplicative,0.9,0.05472705992735089
623,0.5,1.0,0.5,multiplicative,0.95,0.033104363915604826
624,0.5,1.0,1.0,additive,0.8,0.04318229535247833
625,0.5,1.0,1.0,additive,0.85,0.02717345466262612
626,0.5,1.0,1.0,additive,0.9,0.05387977883824426
627,0.5,1.0,1.0,additive,0.95,0.03262358891160806
628,0.5,1.0,1.0,multiplicative,0.8,0.04355431883055728
629,0.5,1.0,1.0,multiplicative,0.85,0.027528270569426718
630,0.5,1.0,1.0,multiplicative,0.9,0.05472705992735089
631,0.5,1.0,1.0,multiplicative,0.95,0.033104363915604826
632,0.5,1.0,10.0,additive,0.8,0.04318229535247833
633,0.5,1.0,10.0,additive,0.85,0.02717345466262612
634,0.5,1.0,10.0,additive,0.9,0.05387977883824426
635,0.5,1.0,10.0,additive,0.95,0.03262358891160806
636,0.5,1.0,10.0,multiplicative,0.8,0.04355431883055728
637,0.5,1.0,10.0,multiplicative,0.85,0.027528270569426718
638,0.5,1.0,10.0,multiplicative,0.9,0.05472705992735089
639,0.5,1.0,10.0,multiplicative,0.95,0.033104363915604826
