Order,Seasonal_Order,MSE,AIC
"(1, 0, 0)","(0, 1, 1, 4)",0.013594899464413394,-9859.838799050125
"(1, 0, 0)","(0, 1, 2, 4)",0.014502684081478989,-9859.112728068203
"(1, 0, 0)","(0, 1, 3, 4)",0.014206184642381539,-9858.045133414902
"(1, 0, 0)","(0, 1, 4, 4)",0.01633758120835019,-9843.004456750332
"(1, 0, 0)","(0, 2, 1, 4)",0.008829370869162878,-8756.97742869522
"(1, 0, 0)","(0, 2, 2, 4)",0.016028053541712058,-9777.09884269911
"(1, 0, 0)","(0, 2, 3, 4)",0.014034009761742216,-9771.08996585091
"(1, 0, 0)","(0, 2, 4, 4)",0.013058082141802207,-9790.405904614414
"(1, 0, 0)","(0, 3, 1, 4)",0.22826506202845293,-7403.954461799261
"(1, 0, 0)","(0, 3, 2, 4)",0.07502327184711251,-8710.357709856826
"(1, 0, 0)","(0, 3, 3, 4)",0.13507614922298522,-8683.841935918972
"(1, 0, 0)","(0, 3, 4, 4)",0.13354600404686867,-8930.463666623145
"(1, 0, 0)","(0, 4, 1, 4)",2.511278795139682,-7203.958278164716
"(1, 0, 0)","(0, 4, 2, 4)",0.4292497107280047,-8393.952213312563
"(1, 0, 0)","(0, 4, 3, 4)",1.6395289429616837,-8346.40388069118
"(1, 0, 0)","(0, 4, 4, 4)",0.2616581350824743,-8713.948070175476
"(1, 0, 0)","(1, 1, 1, 4)",0.01254369676229403,-9861.419366149003
"(1, 0, 0)","(1, 1, 2, 4)",0.011441574064295551,-9865.152773480353
"(1, 0, 0)","(1, 1, 3, 4)",0.013606012660967287,-9859.186049461485
"(1, 0, 0)","(1, 1, 4, 4)",0.016466020678474684,-9852.504041431883
"(1, 0, 0)","(1, 2, 1, 4)",0.010410302268594171,-9200.843266028043
"(1, 0, 0)","(1, 2, 2, 4)",0.011870422205444134,-9774.257803844372
"(1, 0, 0)","(1, 2, 3, 4)",0.010470572169783398,-9790.97801198066
"(1, 0, 0)","(1, 2, 4, 4)",0.007465368522462384,-9788.211379057544
"(1, 0, 0)","(1, 3, 1, 4)",2.59416606098981,-8185.52701858565
"(1, 0, 0)","(1, 3, 2, 4)",0.2885930789379669,-8326.482240454337
"(1, 0, 0)","(1, 3, 3, 4)",0.18021794756251833,-8695.077158682803
"(1, 0, 0)","(1, 3, 4, 4)",0.25794685379288557,-8697.888968046002
"(1, 0, 0)","(1, 4, 1, 4)",1.9419154071193478,-7737.2156655131785
"(1, 0, 0)","(1, 4, 2, 4)",0.5545160673274386,-8203.69211110935
"(1, 0, 0)","(1, 4, 3, 4)",0.39076079245710715,-8434.281200576585
"(1, 0, 0)","(1, 4, 4, 4)",0.4077338328294168,-8452.319330089618
"(1, 0, 0)","(2, 1, 1, 4)",0.011291726736247771,-9861.62308283498
"(1, 0, 0)","(2, 1, 2, 4)",0.010386834480531126,-9860.906159789412
"(1, 0, 0)","(2, 1, 3, 4)",0.011742992067629862,-9859.952809262415
"(1, 0, 0)","(2, 1, 4, 4)",0.017414806074899057,-9836.086453714252
"(1, 0, 0)","(2, 2, 1, 4)",0.020854566741061065,-9356.978524346763
"(1, 0, 0)","(2, 2, 2, 4)",0.012531462468193196,-9262.369568506201
"(1, 0, 0)","(2, 2, 3, 4)",0.015136253609608324,-9779.116055150222
"(1, 0, 0)","(2, 2, 4, 4)",0.03573449658184062,-9706.722311794014
"(1, 0, 0)","(2, 3, 1, 4)",0.291384029179478,-8285.7250067652
"(1, 0, 0)","(2, 3, 2, 4)",0.3091772302889627,-8320.240877320715
"(1, 0, 0)","(2, 3, 3, 4)",0.31451366407803877,-8307.280679186544
"(1, 0, 0)","(2, 3, 4, 4)",0.2690208631706116,-8703.450442875772
"(1, 0, 0)","(2, 4, 1, 4)",15.373527501563993,-7728.034028784001
"(1, 0, 0)","(2, 4, 2, 4)",2.084204106453855,-7730.3850126897905
"(1, 0, 0)","(2, 4, 3, 4)",0.4809832114701177,-8061.078070708335
"(1, 0, 0)","(2, 4, 4, 4)",0.21711327335868652,-8414.680621508345
"(1, 0, 0)","(3, 1, 1, 4)",0.015093880483637332,-9848.247244708793
"(1, 0, 0)","(3, 1, 2, 4)",0.013303472579563361,-9859.549603341602
"(1, 0, 0)","(3, 1, 3, 4)",0.011411234339652007,-9855.91847192524
"(1, 0, 0)","(3, 1, 4, 4)",0.015146507275291687,-9849.555818360943
"(1, 0, 0)","(3, 2, 1, 4)",0.04817338867452704,-9413.517326847035
"(1, 0, 0)","(3, 2, 2, 4)",0.012493427576773455,-9389.045367916911
"(1, 0, 0)","(3, 2, 3, 4)",0.013462103189609964,-9747.12939326892
"(1, 0, 0)","(3, 2, 4, 4)",0.04501986681891532,-9725.658068110724
"(1, 0, 0)","(3, 3, 1, 4)",0.28855326304381296,-8193.90239821302
"(1, 0, 0)","(3, 3, 2, 4)",0.32248029830957087,-8289.69372817615
"(1, 0, 0)","(3, 3, 3, 4)",0.3452791153518534,-8315.677300684347
"(1, 0, 0)","(3, 3, 4, 4)",0.27711295962159954,-8281.71179034824
"(1, 0, 0)","(3, 4, 1, 4)",5.983259125772655,-7478.522808529138
"(1, 0, 0)","(3, 4, 2, 4)",2.761667669719057,-7756.056052283942
"(1, 0, 0)","(3, 4, 3, 4)",2.9681517649854157,-7726.39257696603
"(1, 0, 0)","(3, 4, 4, 4)",2.276238832323541,-7650.983359057978
"(1, 0, 1)","(0, 1, 1, 4)",0.011084811277945339,-9867.633915830938
"(1, 0, 1)","(0, 1, 2, 4)",0.012532339720019344,-9861.559500541884
"(1, 0, 1)","(0, 1, 3, 4)",0.010598201063145983,-9865.297703419597
"(1, 0, 1)","(0, 1, 4, 4)",0.0191678596331593,-9850.237315330976
"(1, 0, 1)","(0, 2, 1, 4)",0.009364854935594438,-8773.90253190974
"(1, 0, 1)","(0, 2, 2, 4)",0.016125297252042585,-9779.58682129341
"(1, 0, 1)","(0, 2, 3, 4)",0.01604195038178126,-9773.35202649244
"(1, 0, 1)","(0, 2, 4, 4)",0.006603962916601991,-9776.69138476624
"(1, 0, 1)","(0, 3, 1, 4)",0.23591378467268315,-7432.056292618516
"(1, 0, 1)","(0, 3, 2, 4)",0.06518262194630545,-8753.454186554878
"(1, 0, 1)","(0, 3, 3, 4)",0.3598220197557205,-8659.030122942102
"(1, 0, 1)","(0, 3, 4, 4)",0.24936344925666618,-8706.123877334847
"(1, 0, 1)","(0, 4, 1, 4)",2.3403638200648005,-7219.853379188047
"(1, 0, 1)","(0, 4, 2, 4)",1.8097419566748225,-8271.836171434761
"(1, 0, 1)","(0, 4, 3, 4)",1.4989915515592565,-8395.038479239363
"(1, 0, 1)","(0, 4, 4, 4)",0.5750840978173974,-8559.070702795396
"(1, 0, 1)","(1, 1, 1, 4)",0.01412672513950112,-9859.80312208621
"(1, 0, 1)","(1, 1, 2, 4)",0.011333226766499496,-9867.73437628435
"(1, 0, 1)","(1, 1, 3, 4)",0.01603232157213207,-9857.26817174115
"(1, 0, 1)","(1, 1, 4, 4)",0.013323330866486394,-9855.280036316926
"(1, 0, 1)","(1, 2, 1, 4)",0.010190462119551338,-9200.207534361738
"(1, 0, 1)","(1, 2, 2, 4)",0.14145096010019648,-9687.624253890379
"(1, 0, 1)","(1, 2, 3, 4)",0.012555819427220439,-9793.858406562864
"(1, 0, 1)","(1, 2, 4, 4)",0.00799524648792118,-9792.395847442805
"(1, 0, 1)","(1, 3, 1, 4)",0.33842769380186455,-8310.563808332125
"(1, 0, 1)","(1, 3, 2, 4)",0.30653699637431125,-8305.093889811702
"(1, 0, 1)","(1, 3, 3, 4)",0.23662794765806963,-8719.472317064161
"(1, 0, 1)","(1, 3, 4, 4)",0.23004362689985722,-8717.097301817043
"(1, 0, 1)","(1, 4, 1, 4)",2.0605351605682762,-7703.986371854257
"(1, 0, 1)","(1, 4, 2, 4)",0.5340469164582312,-8208.103809117358
"(1, 0, 1)","(1, 4, 3, 4)",1.5729339305573855,-8366.224050220688
"(1, 0, 1)","(1, 4, 4, 4)",1.0298110453981375,-8373.334878072079
"(1, 0, 1)","(2, 1, 1, 4)",0.011294512814123131,-9865.678877556547
"(1, 0, 1)","(2, 1, 2, 4)",0.013794189418124474,-9845.953084654922
"(1, 0, 1)","(2, 1, 3, 4)",0.013671560205156317,-9859.064383155586
"(1, 0, 1)","(2, 1, 4, 4)",0.017958276561153983,-9827.024077423837
"(1, 0, 1)","(2, 2, 1, 4)",0.013336008028322546,-9395.33951197483
"(1, 0, 1)","(2, 2, 2, 4)",0.011816845013313985,-9259.739522095007
"(1, 0, 1)","(2, 2, 3, 4)",0.016927322718355363,-9720.261531460015
"(1, 0, 1)","(2, 2, 4, 4)",0.016367214908048537,-9677.935289758429
"(1, 0, 1)","(2, 3, 1, 4)",0.9270063739350505,-8192.817915422167
"(1, 0, 1)","(2, 3, 2, 4)",0.3668865586765788,-8286.172032118931
"(1, 0, 1)","(2, 3, 3, 4)",0.3055551474635322,-8233.793213633797
"(1, 0, 1)","(2, 3, 4, 4)",0.1686182463330123,-8780.313807409782
"(1, 0, 1)","(2, 4, 1, 4)",6.65666473124916,-7692.902557740026
"(1, 0, 1)","(2, 4, 2, 4)",2.726843112321293,-7726.479812339999
"(1, 0, 1)","(2, 4, 3, 4)",2.1936399740258103,-7647.451129958414
"(1, 0, 1)","(2, 4, 4, 4)",0.5477598078116855,-8414.805424375298
"(1, 0, 1)","(3, 1, 1, 4)",0.011424969005708666,-9822.154495485665
"(1, 0, 1)","(3, 1, 2, 4)",0.01661574213173388,-9844.425549689098
"(1, 0, 1)","(3, 1, 3, 4)",0.015666706257522263,-9852.688607321765
"(1, 0, 1)","(3, 1, 4, 4)",0.016050529129227897,-9831.474362512065
"(1, 0, 1)","(3, 2, 1, 4)",0.07555048631446634,-9403.190089706624
"(1, 0, 1)","(3, 2, 2, 4)",0.017369048233110123,-9387.978038329087
"(1, 0, 1)","(3, 2, 3, 4)",0.01955686374425353,-9400.765657730219
"(1, 0, 1)","(3, 2, 4, 4)",0.054291167309158526,-9687.751959231293
"(1, 0, 1)","(3, 3, 1, 4)",0.24861466080046424,-8185.365541323013
"(1, 0, 1)","(3, 3, 2, 4)",0.3969643003082145,-8262.917721984635
"(1, 0, 1)","(3, 3, 3, 4)",0.3248939107920824,-8320.655984597643
"(1, 0, 1)","(3, 3, 4, 4)",0.2731853427175103,-8282.330783258589
"(1, 0, 1)","(3, 4, 1, 4)",8.112721271862505,-7446.1440981311025
"(1, 0, 1)","(3, 4, 2, 4)",2.2069868770312975,-7755.8278379408175
"(1, 0, 1)","(3, 4, 3, 4)",2.686842615231219,-7698.787997425121
"(1, 0, 1)","(3, 4, 4, 4)",1.9682473582895,-7634.389302800152
"(1, 0, 2)","(0, 1, 1, 4)",0.01384630188980029,-9859.311380459125
"(1, 0, 2)","(0, 1, 2, 4)",0.01565028384141484,-9849.553935053633
"(1, 0, 2)","(0, 1, 3, 4)",0.021151521237606805,-9828.478522389156
"(1, 0, 2)","(0, 1, 4, 4)",0.018018581855781597,-9831.542539729502
"(1, 0, 2)","(0, 2, 1, 4)",0.010248236586476025,-8983.97543910674
"(1, 0, 2)","(0, 2, 2, 4)",0.09226412436143613,-9726.329959221217
"(1, 0, 2)","(0, 2, 3, 4)",0.012290542534330113,-9727.86993580587
"(1, 0, 2)","(0, 2, 4, 4)",0.00919630371767011,-9783.051076978303
"(1, 0, 2)","(0, 3, 1, 4)",0.3145956653866083,-7741.993392314126
"(1, 0, 2)","(0, 3, 2, 4)",0.09443369836765339,-8740.821172331587
"(1, 0, 2)","(0, 3, 3, 4)",0.08943107278963483,-8706.116043439897
"(1, 0, 2)","(0, 3, 4, 4)",0.24576933158513156,-8811.73738803998
"(1, 0, 2)","(0, 4, 1, 4)",2.571172412085183,-7319.641119053104
"(1, 0, 2)","(0, 4, 2, 4)",0.4265480295564917,-8330.971547762605
"(1, 0, 2)","(0, 4, 3, 4)",0.4275327055281769,-8467.033124571219
"(1, 0, 2)","(0, 4, 4, 4)",0.3161565043596456,-8440.772575989806
"(1, 0, 2)","(1, 1, 1, 4)",0.013353128418218146,-9863.89755200132
"(1, 0, 2)","(1, 1, 2, 4)",0.014348079116613007,-9856.314326336182
"(1, 0, 2)","(1, 1, 3, 4)",0.010458204520241274,-9843.272563544477
"(1, 0, 2)","(1, 1, 4, 4)",0.016894234314284894,-9819.316952313493
"(1, 0, 2)","(1, 2, 1, 4)",0.011131526474207499,-9187.251653198151
"(1, 0, 2)","(1, 2, 2, 4)",0.0159882238990867,-9719.167900629665
"(1, 0, 2)","(1, 2, 3, 4)",0.012613255001964164,-9788.241899291921
"(1, 0, 2)","(1, 2, 4, 4)",0.012103640638197464,-9777.9489757684
"(1, 0, 2)","(1, 3, 1, 4)",0.5949461606954196,-8213.71069937037
"(1, 0, 2)","(1, 3, 2, 4)",0.3314106884704919,-8240.538631363337
"(1, 0, 2)","(1, 3, 3, 4)",0.21504308496358418,-8662.792802348713
"(1, 0, 2)","(1, 3, 4, 4)",0.34564006832148436,-8684.431678124602
"(1, 0, 2)","(1, 4, 1, 4)",3.0733277675147903,-7645.4668984167565
"(1, 0, 2)","(1, 4, 2, 4)",2.419403086624365,-7461.622195209971
"(1, 0, 2)","(1, 4, 3, 4)",0.40903444221589114,-8395.078485836271
"(1, 0, 2)","(1, 4, 4, 4)",1.343689876637103,-8180.531654738082
"(1, 0, 2)","(2, 1, 1, 4)",0.013755518027465819,-9797.875491162535
"(1, 0, 2)","(2, 1, 2, 4)",0.01575152968561922,-9849.902807336755
"(1, 0, 2)","(2, 1, 3, 4)",0.013067963636654311,-9832.784420036438
"(1, 0, 2)","(2, 1, 4, 4)",0.01413130483857995,-9840.424626370814
"(1, 0, 2)","(2, 2, 1, 4)",0.012833860410567086,-9378.434053384175
"(1, 0, 2)","(2, 2, 2, 4)",0.0154705723728354,-9253.339616103014
"(1, 0, 2)","(2, 2, 3, 4)",0.07759033867214793,-9428.868603462408
"(1, 0, 2)","(2, 2, 4, 4)",0.014960391294600323,-9723.708748665522
"(1, 0, 2)","(2, 3, 1, 4)",0.5943264614575388,-8218.157677935702
"(1, 0, 2)","(2, 3, 2, 4)",0.3226896303078688,-8303.718434127475
"(1, 0, 2)","(2, 3, 3, 4)",0.2884863934092553,-8218.287716483908
"(1, 0, 2)","(2, 3, 4, 4)",0.12730796301647795,-8744.730732095548
"(1, 0, 2)","(2, 4, 1, 4)",3.359114989986729,-7726.150445613365
"(1, 0, 2)","(2, 4, 2, 4)",1.707672390945347,-7748.952034395074
"(1, 0, 2)","(2, 4, 3, 4)",2.3978035630045484,-7536.830129471846
"(1, 0, 2)","(2, 4, 4, 4)",1.3848043843496092,-8125.127548797526
"(1, 0, 2)","(3, 1, 1, 4)",0.01695406481537042,-9759.63167647307
"(1, 0, 2)","(3, 1, 2, 4)",0.014249522289654976,-9841.05647569871
"(1, 0, 2)","(3, 1, 3, 4)",0.016685246047470646,-9835.168447677419
"(1, 0, 2)","(3, 1, 4, 4)",0.01095957310625591,-9829.811691937048
"(1, 0, 2)","(3, 2, 1, 4)",0.03968651548301736,-9420.69875000576
"(1, 0, 2)","(3, 2, 2, 4)",0.01474292831410528,-9393.479537323128
"(1, 0, 2)","(3, 2, 3, 4)",0.015646979017744766,-9317.361416051299
"(1, 0, 2)","(3, 2, 4, 4)",0.05986315220425355,-9532.223337763902
"(1, 0, 2)","(3, 3, 1, 4)",0.3979587579390666,-8191.204223280605
"(1, 0, 2)","(3, 3, 2, 4)",0.4038937093989407,-8281.520713524227
"(1, 0, 2)","(3, 3, 3, 4)",0.3323904522358596,-8317.227951669327
"(1, 0, 2)","(3, 3, 4, 4)",0.2362722236304518,-8255.451225650308
"(1, 0, 2)","(3, 4, 1, 4)",3.147722212721476,-7466.728490173109
"(1, 0, 2)","(3, 4, 2, 4)",1.8751929893515396,-7769.423261495971
"(1, 0, 2)","(3, 4, 3, 4)",1.7853372487724137,-7694.643496581317
"(1, 0, 2)","(3, 4, 4, 4)",1.8893969156859787,-7584.615718323155
"(1, 1, 0)","(0, 1, 1, 4)",0.010000085623019567,-9863.084222109233
"(1, 1, 0)","(0, 1, 2, 4)",0.009998312456441654,-9861.763121847547
"(1, 1, 0)","(0, 1, 3, 4)",0.010029785837245014,-9861.326306870693
"(1, 1, 0)","(0, 1, 4, 4)",0.013464616247640518,-9857.675443180235
"(1, 1, 0)","(0, 2, 1, 4)",0.06192587456735689,-8459.02189198281
"(1, 1, 0)","(0, 2, 2, 4)",0.014352312306901501,-9768.926425909347
"(1, 1, 0)","(0, 2, 3, 4)",0.01573510316147231,-9768.556602265255
"(1, 1, 0)","(0, 2, 4, 4)",0.01494114219142131,-9761.124657563047
"(1, 1, 0)","(0, 3, 1, 4)",9.046148899432,-7053.637702493407
"(1, 1, 0)","(0, 3, 2, 4)",0.37267108831577045,-8620.846331299392
"(1, 1, 0)","(0, 3, 3, 4)",0.35900485432150014,-8644.529482605325
"(1, 1, 0)","(0, 3, 4, 4)",0.34942059194391795,-8757.090681789452
"(1, 1, 0)","(0, 4, 1, 4)",82.95240578991218,-6873.081924611111
"(1, 1, 0)","(0, 4, 2, 4)",1.8572226620569598,-8345.117901603688
"(1, 1, 0)","(0, 4, 3, 4)",0.5587502098287809,-8145.492476280202
"(1, 1, 0)","(0, 4, 4, 4)",0.3941818827215555,-8694.490391427536
"(1, 1, 0)","(1, 1, 1, 4)",0.009965719064317466,-9861.843689187977
"(1, 1, 0)","(1, 1, 2, 4)",0.009761443265484945,-9863.411242264096
"(1, 1, 0)","(1, 1, 3, 4)",0.011139356742241587,-9862.036489079497
"(1, 1, 0)","(1, 1, 4, 4)",0.010291233047146294,-9862.99028663745
"(1, 1, 0)","(1, 2, 1, 4)",0.0307857480141365,-9019.630631448028
"(1, 1, 0)","(1, 2, 2, 4)",0.01601222401104197,-9768.727619080924
"(1, 1, 0)","(1, 2, 3, 4)",0.014206754095580743,-9745.275981577626
"(1, 1, 0)","(1, 2, 4, 4)",0.01424392914528017,-9775.032771470374
"(1, 1, 0)","(1, 3, 1, 4)",2.6366905234417986,-8159.344106218569
"(1, 1, 0)","(1, 3, 2, 4)",2.599779529142263,-8154.402022379456
"(1, 1, 0)","(1, 3, 3, 4)",0.40764986878544773,-8639.228739540777
"(1, 1, 0)","(1, 3, 4, 4)",0.4038904493053959,-8646.981632382021
"(1, 1, 0)","(1, 4, 1, 4)",33.503525883134685,-7537.096216395885
"(1, 1, 0)","(1, 4, 2, 4)",1.7491213140368012,-8357.587255186729
"(1, 1, 0)","(1, 4, 3, 4)",1.8180268074215458,-8333.08728955393
"(1, 1, 0)","(1, 4, 4, 4)",1.8241269390979398,-8324.710807727399
"(1, 1, 0)","(2, 1, 1, 4)",0.009917068879447884,-9860.585209634464
"(1, 1, 0)","(2, 1, 2, 4)",0.010050999170285067,-9862.489812388456
"(1, 1, 0)","(2, 1, 3, 4)",0.010544811988603447,-9858.152618392978
"(1, 1, 0)","(2, 1, 4, 4)",0.010428932647028433,-9859.658886370911
"(1, 1, 0)","(2, 2, 1, 4)",0.07980121695726157,-9275.48550728306
"(1, 1, 0)","(2, 2, 2, 4)",0.04048009216364101,-9158.589109903462
"(1, 1, 0)","(2, 2, 3, 4)",0.01331474871149313,-9777.880279245452
"(1, 1, 0)","(2, 2, 4, 4)",0.02142748888312273,-9761.344426547399
"(1, 1, 0)","(2, 3, 1, 4)",2.720426512503112,-8153.173678714622
"(1, 1, 0)","(2, 3, 2, 4)",2.619229570551434,-8155.7328410498785
"(1, 1, 0)","(2, 3, 3, 4)",2.6433964778098025,-8150.2257581416225
"(1, 1, 0)","(2, 3, 4, 4)",0.441318776533679,-8668.392210361562
"(1, 1, 0)","(2, 4, 1, 4)",24.374553959946365,-7617.492058878124
"(1, 1, 0)","(2, 4, 2, 4)",31.863307739146173,-7548.927449654087
"(1, 1, 0)","(2, 4, 3, 4)",3.3465910135047485,-8057.9149582452055
"(1, 1, 0)","(2, 4, 4, 4)",1.9109194085556083,-8262.644329991646
"(1, 1, 0)","(3, 1, 1, 4)",0.010352467847475441,-9697.58995642938
"(1, 1, 0)","(3, 1, 2, 4)",0.010222737023536365,-9862.397686927015
"(1, 1, 0)","(3, 1, 3, 4)",0.010777555354308813,-9859.370236287663
"(1, 1, 0)","(3, 1, 4, 4)",0.009697014889414084,-9861.122680181343
"(1, 1, 0)","(3, 2, 1, 4)",0.19085516333898175,-9285.41049276706
"(1, 1, 0)","(3, 2, 2, 4)",0.08056701906697653,-9271.99537962592
"(1, 1, 0)","(3, 2, 3, 4)",0.10435029327386533,-9337.842843358882
"(1, 1, 0)","(3, 2, 4, 4)",0.036075426077659886,-9724.025349402005
"(1, 1, 0)","(3, 3, 1, 4)",2.0878604196770842,-7847.70533908807
"(1, 1, 0)","(3, 3, 2, 4)",2.550028261650489,-8155.084997981792
"(1, 1, 0)","(3, 3, 3, 4)",2.739976813895654,-8157.196058450875
"(1, 1, 0)","(3, 3, 4, 4)",2.14007310516146,-8244.089738360937
"(1, 1, 0)","(3, 4, 1, 4)",424.08062115483756,-7180.875958274164
"(1, 1, 0)","(3, 4, 2, 4)",23.64832826041006,-7588.878265774259
"(1, 1, 0)","(3, 4, 3, 4)",32.61359160766264,-7543.28395515561
"(1, 1, 0)","(3, 4, 4, 4)",14.37181400424644,-7735.107663776615
"(1, 1, 1)","(0, 1, 1, 4)",0.010313732508997451,-9862.762897449324
"(1, 1, 1)","(0, 1, 2, 4)",0.01067856504142084,-9860.86996221385
"(1, 1, 1)","(0, 1, 3, 4)",0.011201158276746597,-9859.745399315452
"(1, 1, 1)","(0, 1, 4, 4)",0.013309505414893933,-9856.44128332709
"(1, 1, 1)","(0, 2, 1, 4)",0.017530137572252837,-8732.221792962868
"(1, 1, 1)","(0, 2, 2, 4)",0.015796799141250796,-9769.430546091275
"(1, 1, 1)","(0, 2, 3, 4)",0.01566357918596161,-9767.325864326765
"(1, 1, 1)","(0, 2, 4, 4)",0.015099807799537587,-9764.544928114436
"(1, 1, 1)","(0, 3, 1, 4)",0.638819165776934,-7350.909842441962
"(1, 1, 1)","(0, 3, 2, 4)",0.3992294977114409,-8652.436841217559
"(1, 1, 1)","(0, 3, 3, 4)",0.3477056992761004,-8640.567382886322
"(1, 1, 1)","(0, 3, 4, 4)",0.24956058799319308,-8687.687182857404
"(1, 1, 1)","(0, 4, 1, 4)",15.57274281223095,-7123.475421440957
"(1, 1, 1)","(0, 4, 2, 4)",1.7744664685834919,-8369.370269865269
"(1, 1, 1)","(0, 4, 3, 4)",0.4179735063710167,-8219.10366778672
"(1, 1, 1)","(0, 4, 4, 4)",0.509030393379293,-8521.181902899794
"(1, 1, 1)","(1, 1, 1, 4)",0.010287051768299565,-9861.078866699532
"(1, 1, 1)","(1, 1, 2, 4)",0.009794058252710415,-9861.718471792377
"(1, 1, 1)","(1, 1, 3, 4)",0.009971228624640015,-9860.447230220107
"(1, 1, 1)","(1, 1, 4, 4)",0.010319395939233766,-9861.258144406698
"(1, 1, 1)","(1, 2, 1, 4)",0.013106261339521197,-9156.125031244359
"(1, 1, 1)","(1, 2, 2, 4)",0.023885626888075745,-9732.813517245979
"(1, 1, 1)","(1, 2, 3, 4)",0.014188284875666254,-9776.628352084708
"(1, 1, 1)","(1, 2, 4, 4)",0.010625676593068406,-9775.283177985155
"(1, 1, 1)","(1, 3, 1, 4)",1.6587172606090417,-8128.910989134645
"(1, 1, 1)","(1, 3, 2, 4)",2.496569349621164,-8143.356682968569
"(1, 1, 1)","(1, 3, 3, 4)",0.4274144409039592,-8639.337576820615
"(1, 1, 1)","(1, 3, 4, 4)",0.41571002016313746,-8654.753861700767
"(1, 1, 1)","(1, 4, 1, 4)",34.29414116766269,-7578.234724146174
"(1, 1, 1)","(1, 4, 2, 4)",1.4351793509614628,-8301.92401174811
"(1, 1, 1)","(1, 4, 3, 4)",1.7015520960322792,-8341.140558645502
"(1, 1, 1)","(1, 4, 4, 4)",1.6871700512720722,-8345.157972883037
"(1, 1, 1)","(2, 1, 1, 4)",0.010426638719744332,-9859.237769524636
"(1, 1, 1)","(2, 1, 2, 4)",0.010062515468299147,-9860.848042825522
"(1, 1, 1)","(2, 1, 3, 4)",0.010575520433837696,-9856.397235647037
"(1, 1, 1)","(2, 1, 4, 4)",0.010399936907008448,-9857.793988605645
"(1, 1, 1)","(2, 2, 1, 4)",0.08727321165636993,-9287.191039821684
"(1, 1, 1)","(2, 2, 2, 4)",0.09953546432809231,-9242.032823642698
"(1, 1, 1)","(2, 2, 3, 4)",0.013465474751487521,-9773.928918928843
"(1, 1, 1)","(2, 2, 4, 4)",0.012839425193809529,-9761.691752302873
"(1, 1, 1)","(2, 3, 1, 4)",2.6124270483178145,-8156.400350562547
"(1, 1, 1)","(2, 3, 2, 4)",2.602527277787704,-8153.65348607772
"(1, 1, 1)","(2, 3, 3, 4)",2.60415312571064,-8211.510090871894
"(1, 1, 1)","(2, 3, 4, 4)",0.45033094355034964,-8664.40332337646
"(1, 1, 1)","(2, 4, 1, 4)",24.994162142607482,-7620.3117530442105
"(1, 1, 1)","(2, 4, 2, 4)",31.79090421802362,-7547.559973786911
"(1, 1, 1)","(2, 4, 3, 4)",5.63034293822073,-7925.757169837563
"(1, 1, 1)","(2, 4, 4, 4)",1.9445085119842886,-8264.035553230677
"(1, 1, 1)","(3, 1, 1, 4)",0.009476041591509544,-9711.223238434193
"(1, 1, 1)","(3, 1, 2, 4)",0.01136236093353309,-9861.04631752753
"(1, 1, 1)","(3, 1, 3, 4)",0.010619531267599753,-9857.72330389787
"(1, 1, 1)","(3, 1, 4, 4)",0.009499381475971758,-9821.87506499294
"(1, 1, 1)","(3, 2, 1, 4)",0.13947401000917786,-9332.81685408427
"(1, 1, 1)","(3, 2, 2, 4)",0.07964964332003463,-9271.9039295735
"(1, 1, 1)","(3, 2, 3, 4)",0.09278451564686133,-9366.627404819392
"(1, 1, 1)","(3, 2, 4, 4)",0.013466640873899694,-9657.818810149573
"(1, 1, 1)","(3, 3, 1, 4)",2.2054908734476384,-7999.714705774111
"(1, 1, 1)","(3, 3, 2, 4)",2.594978308403901,-8152.688330209409
"(1, 1, 1)","(3, 3, 3, 4)",2.751355926578785,-8155.654670606719
"(1, 1, 1)","(3, 3, 4, 4)",2.5159304381045673,-8137.119241030248
"(1, 1, 1)","(3, 4, 1, 4)",441.65332523335485,-7099.234905002624
"(1, 1, 1)","(3, 4, 2, 4)",26.618737499567896,-7571.326392593478
"(1, 1, 1)","(3, 4, 3, 4)",32.5133691014975,-7538.718493293301
"(1, 1, 1)","(3, 4, 4, 4)",5.930273782960349,-7873.830755193751
"(1, 1, 2)","(0, 1, 1, 4)",0.00973901258090033,-9863.038789966758
"(1, 1, 2)","(0, 1, 2, 4)",0.00958464717375553,-9861.411929628386
"(1, 1, 2)","(0, 1, 3, 4)",0.010206801529368342,-9861.191951263574
"(1, 1, 2)","(0, 1, 4, 4)",0.013021530645518717,-9859.205616306364
"(1, 1, 2)","(0, 2, 1, 4)",0.02292926500785335,-8620.839148400779
"(1, 1, 2)","(0, 2, 2, 4)",0.015613586320173284,-9770.293047841269
"(1, 1, 2)","(0, 2, 3, 4)",0.015456551321085674,-9769.621325240907
"(1, 1, 2)","(0, 2, 4, 4)",0.01550319576604639,-9768.979718595647
"(1, 1, 2)","(0, 3, 1, 4)",1.416876506921291,-7307.514922516258
"(1, 1, 2)","(0, 3, 2, 4)",0.38768750123535406,-8613.127181331356
"(1, 1, 2)","(0, 3, 3, 4)",0.3320806118233398,-8592.794306372118
"(1, 1, 2)","(0, 3, 4, 4)",0.3497417272131985,-8753.647539841051
"(1, 1, 2)","(0, 4, 1, 4)",53.965542341156855,-7144.170779255085
"(1, 1, 2)","(0, 4, 2, 4)",1.915163463107151,-8346.113014975466
"(1, 1, 2)","(0, 4, 3, 4)",2.101673433781562,-8303.255499292824
"(1, 1, 2)","(0, 4, 4, 4)",1.9095637057848265,-8314.192119188529
"(1, 1, 2)","(1, 1, 1, 4)",0.009937968946420458,-9861.73574053578
"(1, 1, 2)","(1, 1, 2, 4)",0.009721691928907813,-9863.062952456767
"(1, 1, 2)","(1, 1, 3, 4)",0.011038069768439258,-9861.424318652644
"(1, 1, 2)","(1, 1, 4, 4)",0.01024108240077515,-9862.474468389115
"(1, 1, 2)","(1, 2, 1, 4)",0.028482406673049392,-9084.109158328924
"(1, 1, 2)","(1, 2, 2, 4)",0.016689816513948557,-9724.291879744827
"(1, 1, 2)","(1, 2, 3, 4)",0.14784153655216076,-9616.737733992613
"(1, 1, 2)","(1, 2, 4, 4)",0.013706277168486252,-9777.337858409632
"(1, 1, 2)","(1, 3, 1, 4)",2.6079759516304906,-8157.476934614175
"(1, 1, 2)","(1, 3, 2, 4)",2.325675756523292,-8111.051808066297
"(1, 1, 2)","(1, 3, 3, 4)",0.33446992267350384,-8625.235970078851
"(1, 1, 2)","(1, 3, 4, 4)",0.41931912909045543,-8629.41203618576
"(1, 1, 2)","(1, 4, 1, 4)",33.718688977937454,-7540.493152137237
"(1, 1, 2)","(1, 4, 2, 4)",4.126727055044336,-8155.987158793012
"(1, 1, 2)","(1, 4, 3, 4)",1.757499515959502,-8337.578033310007
"(1, 1, 2)","(1, 4, 4, 4)",5.462262828865378,-8172.459993495571
"(1, 1, 2)","(2, 1, 1, 4)",0.010977589037105375,-9860.043297672599
"(1, 1, 2)","(2, 1, 2, 4)",0.010092702748103966,-9861.36645686132
"(1, 1, 2)","(2, 1, 3, 4)",0.010630276308839236,-9857.767903230775
"(1, 1, 2)","(2, 1, 4, 4)",0.010354900561528388,-9859.244512490774
"(1, 1, 2)","(2, 2, 1, 4)",0.07933369696456494,-9276.632283290988
"(1, 1, 2)","(2, 2, 2, 4)",0.04097946412000191,-9072.710363851718
"(1, 1, 2)","(2, 2, 3, 4)",0.009147245692462965,-9677.562152575709
"(1, 1, 2)","(2, 2, 4, 4)",0.014233294593133324,-9766.444639425326
"(1, 1, 2)","(2, 3, 1, 4)",2.5388440884613788,-8154.878416449804
"(1, 1, 2)","(2, 3, 2, 4)",2.5937869623229437,-8154.648503015071
"(1, 1, 2)","(2, 3, 3, 4)",2.7551457780549895,-8136.253970797651
"(1, 1, 2)","(2, 3, 4, 4)",0.4670317786661274,-8653.01275859342
"(1, 1, 2)","(2, 4, 1, 4)",25.415803044461434,-7577.894653031917
"(1, 1, 2)","(2, 4, 2, 4)",31.51910566788237,-7549.169509532675
"(1, 1, 2)","(2, 4, 3, 4)",40.673859275779705,-7409.019654327686
"(1, 1, 2)","(2, 4, 4, 4)",1.7525039727344347,-8289.495319912077
"(1, 1, 2)","(3, 1, 1, 4)",0.007941594015737855,-9668.933523130514
"(1, 1, 2)","(3, 1, 2, 4)",0.01024416874670019,-9859.467007650364
"(1, 1, 2)","(3, 1, 3, 4)",0.011138685660892758,-9858.895418904125
"(1, 1, 2)","(3, 1, 4, 4)",0.009538993998126055,-9823.08211862239
"(1, 1, 2)","(3, 2, 1, 4)",0.26244523283340326,-9168.029550458159
"(1, 1, 2)","(3, 2, 2, 4)",0.08226211574587357,-9270.536371008735
"(1, 1, 2)","(3, 2, 3, 4)",0.11144075807763901,-9309.679800480604
"(1, 1, 2)","(3, 2, 4, 4)",0.04049572962274227,-9638.623772075502
"(1, 1, 2)","(3, 3, 1, 4)",1.501483884842354,-7695.663860226521
"(1, 1, 2)","(3, 3, 2, 4)",2.5522667506420573,-8153.249661643827
"(1, 1, 2)","(3, 3, 3, 4)",2.7926545635582167,-8146.149519480823
"(1, 1, 2)","(3, 3, 4, 4)",1.3383287633860443,-8375.801659044806
"(1, 1, 2)","(3, 4, 1, 4)",431.9946580417335,-6994.049762985893
"(1, 1, 2)","(3, 4, 2, 4)",22.8901863852453,-7575.735424317516
"(1, 1, 2)","(3, 4, 3, 4)",32.29081175851856,-7541.690691813766
"(1, 1, 2)","(3, 4, 4, 4)",5.843409278029581,-7686.813117137832
"(2, 0, 0)","(0, 1, 1, 4)",0.012721113269667687,-9866.155263161014
"(2, 0, 0)","(0, 1, 2, 4)",0.014270706770546135,-9861.248423268806
"(2, 0, 0)","(0, 1, 3, 4)",0.014501250518538978,-9854.34987205975
"(2, 0, 0)","(0, 1, 4, 4)",0.01793804470966247,-9841.0588488054
"(2, 0, 0)","(0, 2, 1, 4)",0.009542973817645854,-8778.931572070123
"(2, 0, 0)","(0, 2, 2, 4)",0.012880769766458286,-9789.13977203132
"(2, 0, 0)","(0, 2, 3, 4)",0.012551763551914022,-9768.311937944742
"(2, 0, 0)","(0, 2, 4, 4)",0.0066995197647212405,-9786.895637647294
"(2, 0, 0)","(0, 3, 1, 4)",0.24081290057150656,-7444.728464910013
"(2, 0, 0)","(0, 3, 2, 4)",0.2718085495017459,-8721.6354621334
"(2, 0, 0)","(0, 3, 3, 4)",0.30596259439662815,-8679.492276615945
"(2, 0, 0)","(0, 3, 4, 4)",0.21651629550275567,-8687.201763018671
"(2, 0, 0)","(0, 4, 1, 4)",2.2923960201605547,-7224.761064433888
"(2, 0, 0)","(0, 4, 2, 4)",0.4444371317434375,-8401.711504374318
"(2, 0, 0)","(0, 4, 3, 4)",1.419373964673776,-8394.156999032217
"(2, 0, 0)","(0, 4, 4, 4)",0.49823626939931326,-8519.222916871333
"(2, 0, 0)","(1, 1, 1, 4)",0.01652052551762362,-9856.970448828313
"(2, 0, 0)","(1, 1, 2, 4)",0.01053075292740877,-9867.823170553578
"(2, 0, 0)","(1, 1, 3, 4)",0.014670056319566045,-9859.768628031907
"(2, 0, 0)","(1, 1, 4, 4)",0.017016436478879286,-9836.204532329515
"(2, 0, 0)","(1, 2, 1, 4)",0.01051793911224214,-9201.485402544417
"(2, 0, 0)","(1, 2, 2, 4)",0.01581506482383514,-9773.542974030872
"(2, 0, 0)","(1, 2, 3, 4)",0.00916875734113876,-9796.067802363868
"(2, 0, 0)","(1, 2, 4, 4)",0.008647304068389488,-9791.918817363929
"(2, 0, 0)","(1, 3, 1, 4)",1.8986704571695376,-8243.099599585481
"(2, 0, 0)","(1, 3, 2, 4)",0.31898304876521194,-8313.52448038542
"(2, 0, 0)","(1, 3, 3, 4)",0.20211584852219605,-8635.414394625714
"(2, 0, 0)","(1, 3, 4, 4)",0.2560196789723608,-8707.021859989933
"(2, 0, 0)","(1, 4, 1, 4)",1.9733700671942933,-7727.776471211391
"(2, 0, 0)","(1, 4, 2, 4)",1.8927182122722523,-7689.51299146298
"(2, 0, 0)","(1, 4, 3, 4)",0.41054928136321245,-8396.499139131372
"(2, 0, 0)","(1, 4, 4, 4)",0.23260372375618635,-8436.535142191886
"(2, 0, 0)","(2, 1, 1, 4)",0.01267543606284179,-9863.684719329753
"(2, 0, 0)","(2, 1, 2, 4)",0.012317413297770304,-9845.858322703312
"(2, 0, 0)","(2, 1, 3, 4)",0.012341481642776741,-9845.708126760195
"(2, 0, 0)","(2, 1, 4, 4)",0.017315307611294174,-9792.065241639173
"(2, 0, 0)","(2, 2, 1, 4)",0.025969932607845275,-9318.504485960828
"(2, 0, 0)","(2, 2, 2, 4)",0.01318909874544635,-9248.439661547287
"(2, 0, 0)","(2, 2, 3, 4)",0.10215658423665996,-9648.32097480075
"(2, 0, 0)","(2, 2, 4, 4)",0.012288589324829796,-9769.609421581748
"(2, 0, 0)","(2, 3, 1, 4)",0.38357178011093834,-8216.047961619563
"(2, 0, 0)","(2, 3, 2, 4)",0.40221135688798143,-8271.829170018676
"(2, 0, 0)","(2, 3, 3, 4)",0.29939793503459117,-8303.893521978021
"(2, 0, 0)","(2, 3, 4, 4)",0.11495990267929053,-8790.389347706194
"(2, 0, 0)","(2, 4, 1, 4)",4.173578975383373,-7745.694600813661
"(2, 0, 0)","(2, 4, 2, 4)",2.6752964108901676,-7721.251962721342
"(2, 0, 0)","(2, 4, 3, 4)",1.5559137708469652,-7608.082533387414
"(2, 0, 0)","(2, 4, 4, 4)",0.2788861514269535,-8433.30658898557
"(2, 0, 0)","(3, 1, 1, 4)",0.020707889355282255,-9768.353350051184
"(2, 0, 0)","(3, 1, 2, 4)",0.01574824128335075,-9853.86099758221
"(2, 0, 0)","(3, 1, 3, 4)",0.016299822140863847,-9825.539885899381
"(2, 0, 0)","(3, 1, 4, 4)",0.01810533664525729,-9840.42386745736
"(2, 0, 0)","(3, 2, 1, 4)",0.08707935834553017,-9084.21348771009
"(2, 0, 0)","(3, 2, 2, 4)",0.02246466291035164,-9370.111270893625
"(2, 0, 0)","(3, 2, 3, 4)",0.015383270509498689,-9529.99152586592
"(2, 0, 0)","(3, 2, 4, 4)",0.013498310992649637,-9758.798429661863
"(2, 0, 0)","(3, 3, 1, 4)",0.3327508292025258,-8192.810744534445
"(2, 0, 0)","(3, 3, 2, 4)",0.48513230684552744,-8250.01920720438
"(2, 0, 0)","(3, 3, 3, 4)",0.3491420354660866,-8318.330606784137
"(2, 0, 0)","(3, 3, 4, 4)",0.2727620525395456,-8297.613300232506
"(2, 0, 0)","(3, 4, 1, 4)",4.310294433016931,-7578.840878541862
"(2, 0, 0)","(3, 4, 2, 4)",2.2776123626747373,-7763.020638436511
"(2, 0, 0)","(3, 4, 3, 4)",2.039380244134521,-7719.461093454753
"(2, 0, 0)","(3, 4, 4, 4)",1.6680147389398001,-7633.982241361354
"(2, 0, 1)","(0, 1, 1, 4)",0.010671955060852525,-9859.60633249013
"(2, 0, 1)","(0, 1, 2, 4)",0.01263426846920857,-9849.943251606777
"(2, 0, 1)","(0, 1, 3, 4)",0.011036457333099145,-9816.304794483372
"(2, 0, 1)","(0, 1, 4, 4)",0.011754246343980517,-9796.678691357945
"(2, 0, 1)","(0, 2, 1, 4)",0.009898225446263417,-8923.113494291423
"(2, 0, 1)","(0, 2, 2, 4)",0.018814111197081294,-9755.309853050532
"(2, 0, 1)","(0, 2, 3, 4)",0.02283295269344133,-9708.45817130738
"(2, 0, 1)","(0, 2, 4, 4)",0.016722911316585903,-9712.214778488538
"(2, 0, 1)","(0, 3, 1, 4)",7.589524509671402,-7397.54330354735
"(2, 0, 1)","(0, 3, 2, 4)",0.3642854758637915,-8632.607242445822
"(2, 0, 1)","(0, 3, 3, 4)",0.4065842975598938,-8572.190852826532
"(2, 0, 1)","(0, 3, 4, 4)",0.26946740432697275,-8857.64275891001
"(2, 0, 1)","(0, 4, 1, 4)",64.66117490826826,-7182.419628404537
"(2, 0, 1)","(0, 4, 2, 4)",2.0630536443745044,-8393.78819401246
"(2, 0, 1)","(0, 4, 3, 4)",2.002794473462578,-8368.73826548099
"(2, 0, 1)","(0, 4, 4, 4)",2.0499276893728364,-8375.069463289721
"(2, 0, 1)","(1, 1, 1, 4)",0.01382350106207364,-9846.413848268598
"(2, 0, 1)","(1, 1, 2, 4)",0.011853427404361202,-9857.462382184978
"(2, 0, 1)","(1, 1, 3, 4)",0.01212918463163889,-9778.31950668245
"(2, 0, 1)","(1, 1, 4, 4)",0.009644107298083942,-9817.011459900556
"(2, 0, 1)","(1, 2, 1, 4)",0.037430362735191326,-9095.062268129814
"(2, 0, 1)","(1, 2, 2, 4)",0.06118253103423789,-9540.024668874143
"(2, 0, 1)","(1, 2, 3, 4)",0.009172689336744344,-9765.94499248327
"(2, 0, 1)","(1, 2, 4, 4)",0.02339859265788217,-9702.481975667091
"(2, 0, 1)","(1, 3, 1, 4)",0.33798612839690045,-8403.2379949996
"(2, 0, 1)","(1, 3, 2, 4)",2.3043748407345896,-8316.040807312687
"(2, 0, 1)","(1, 3, 3, 4)",0.07117116652080788,-8750.851855116498
"(2, 0, 1)","(1, 3, 4, 4)",0.08380478859788948,-8715.58032370114
"(2, 0, 1)","(1, 4, 1, 4)",1.948649231897931,-7823.437752564025
"(2, 0, 1)","(1, 4, 2, 4)",4.7467616788590705,-7621.791198275571
"(2, 0, 1)","(1, 4, 3, 4)",0.33762454048026946,-8510.338505293108
"(2, 0, 1)","(1, 4, 4, 4)",0.24545514597709944,-8262.826345879506
"(2, 0, 1)","(2, 1, 1, 4)",0.010116917885833375,-9842.085593932443
"(2, 0, 1)","(2, 1, 2, 4)",0.010567571602310259,-9829.87756133449
"(2, 0, 1)","(2, 1, 3, 4)",0.013858353455633224,-9825.220224108129
"(2, 0, 1)","(2, 1, 4, 4)",0.00981547456455742,-9805.691234693913
"(2, 0, 1)","(2, 2, 1, 4)",0.08199827808086264,-9330.712562697241
"(2, 0, 1)","(2, 2, 2, 4)",0.01327026303055727,-9277.797764239576
"(2, 0, 1)","(2, 2, 3, 4)",0.011139691249402634,-9691.302318221962
"(2, 0, 1)","(2, 2, 4, 4)",0.01497999342390601,-9764.539978645429
"(2, 0, 1)","(2, 3, 1, 4)",0.10495009258526271,-8298.941284251185
"(2, 0, 1)","(2, 3, 2, 4)",0.31643690101754574,-8368.12694391826
"(2, 0, 1)","(2, 3, 3, 4)",0.2913231912301554,-8349.994020443699
"(2, 0, 1)","(2, 3, 4, 4)",0.09513894295329324,-8724.893060031472
"(2, 0, 1)","(2, 4, 1, 4)",1.9394566370546307,-7792.923689497239
"(2, 0, 1)","(2, 4, 2, 4)",21.727753400192547,-7711.71290233075
"(2, 0, 1)","(2, 4, 3, 4)",1.2987288314761853,-7712.782864047159
"(2, 0, 1)","(2, 4, 4, 4)",0.3990514635481172,-8321.960521952842
"(2, 0, 1)","(3, 1, 1, 4)",0.024701213931850763,-9764.939065329469
"(2, 0, 1)","(3, 1, 2, 4)",0.010526030063192925,-9802.653091939537
"(2, 0, 1)","(3, 1, 3, 4)",0.01374846897100454,-9783.524986648325
"(2, 0, 1)","(3, 1, 4, 4)",0.016652849976258002,-9814.864668230084
"(2, 0, 1)","(3, 2, 1, 4)",0.11367482568359717,-9413.337606498942
"(2, 0, 1)","(3, 2, 2, 4)",0.011754782230021285,-9398.832785153663
"(2, 0, 1)","(3, 2, 3, 4)",0.014923258116436324,-9403.774262923682
"(2, 0, 1)","(3, 2, 4, 4)",0.0120792620378469,-9643.201227161084
"(2, 0, 1)","(3, 3, 1, 4)",0.2848923676318612,-8265.10813637158
"(2, 0, 1)","(3, 3, 2, 4)",0.2814158272280315,-8376.06560350375
"(2, 0, 1)","(3, 3, 3, 4)",0.28687974920055465,-8300.150524224198
"(2, 0, 1)","(3, 3, 4, 4)",0.22749157942415482,-8290.041362289994
"(2, 0, 1)","(3, 4, 1, 4)",1.9879013949164304,-7605.094433226451
"(2, 0, 1)","(3, 4, 2, 4)",4.223337726841594,-7754.113540848785
"(2, 0, 1)","(3, 4, 3, 4)",2.025566490170808,-7739.774624471313
"(2, 0, 1)","(3, 4, 4, 4)",1.7661014689450074,-7671.566165633539
"(2, 0, 2)","(0, 1, 1, 4)",0.009274827413234798,-9865.377093772398
"(2, 0, 2)","(0, 1, 2, 4)",0.008927351488132692,-9862.900571518574
"(2, 0, 2)","(0, 1, 3, 4)",0.00916657690327311,-9860.675767040244
"(2, 0, 2)","(0, 1, 4, 4)",0.008785170269672914,-9855.811258025355
"(2, 0, 2)","(0, 2, 1, 4)",0.010732154763320885,-9200.663118059005
"(2, 0, 2)","(0, 2, 2, 4)",0.01581468992666683,-9723.85870397413
"(2, 0, 2)","(0, 2, 3, 4)",0.015217567892481612,-9704.057324873433
"(2, 0, 2)","(0, 2, 4, 4)",0.01319789189283747,-9668.71874424047
"(2, 0, 2)","(0, 3, 1, 4)",0.3252812250399857,-8078.184825348328
"(2, 0, 2)","(0, 3, 2, 4)",0.1166760186415273,-8493.195947296043
"(2, 0, 2)","(0, 3, 3, 4)",0.33277893383733503,-8372.181326771488
"(2, 0, 2)","(0, 3, 4, 4)",0.10909385368085792,-8595.016362677849
"(2, 0, 2)","(0, 4, 1, 4)",1.755184226301686,-7717.218655793656
"(2, 0, 2)","(0, 4, 2, 4)",1.604556056621243,-8359.949295384073
"(2, 0, 2)","(0, 4, 3, 4)",0.1830683752939025,-8024.562567193321
"(2, 0, 2)","(0, 4, 4, 4)",0.6509925488100079,-7880.778844316631
"(2, 0, 2)","(1, 1, 1, 4)",0.009614454768127265,-9860.873181499712
"(2, 0, 2)","(1, 1, 2, 4)",0.013817950368976878,-9854.176039692731
"(2, 0, 2)","(1, 1, 3, 4)",0.0144556657821579,-9852.63102648685
"(2, 0, 2)","(1, 1, 4, 4)",0.0139180060208834,-9849.309632398372
"(2, 0, 2)","(1, 2, 1, 4)",0.010951602732862756,-9214.546108944141
"(2, 0, 2)","(1, 2, 2, 4)",0.01994696574234587,-9160.519331566102
"(2, 0, 2)","(1, 2, 3, 4)",0.06220254411872095,-9644.32974826503
"(2, 0, 2)","(1, 2, 4, 4)",0.011744959761171883,-9547.279712658876
"(2, 0, 2)","(1, 3, 1, 4)",0.3681096228024911,-8253.014391609957
"(2, 0, 2)","(1, 3, 2, 4)",0.3347365094110853,-8169.331472392444
"(2, 0, 2)","(1, 3, 3, 4)",0.41569886541586676,-8211.487667231142
"(2, 0, 2)","(1, 3, 4, 4)",0.35894693631971747,-8238.527548791859
"(2, 0, 2)","(1, 4, 1, 4)",2.949690866265209,-7633.604769113127
"(2, 0, 2)","(1, 4, 2, 4)",1.7907313240577067,-7519.914167933658
"(2, 0, 2)","(1, 4, 3, 4)",0.46408086879806765,-8371.012834316334
"(2, 0, 2)","(1, 4, 4, 4)",0.7302984693454727,-7884.305133852444
"(2, 0, 2)","(2, 1, 1, 4)",0.009897723868807145,-9823.738493744973
"(2, 0, 2)","(2, 1, 2, 4)",0.014463418319060155,-9851.265193446976
"(2, 0, 2)","(2, 1, 3, 4)",0.013645228847501268,-9852.418442771952
"(2, 0, 2)","(2, 1, 4, 4)",0.015124070362125954,-9845.986958997157
"(2, 0, 2)","(2, 2, 1, 4)",0.023256704609976624,-9330.611930307812
"(2, 0, 2)","(2, 2, 2, 4)",0.012578427205804455,-9260.799190897147
"(2, 0, 2)","(2, 2, 3, 4)",0.012123408909457848,-9732.454219151265
"(2, 0, 2)","(2, 2, 4, 4)",0.03909139375993192,-9616.899256637818
"(2, 0, 2)","(2, 3, 1, 4)",2.1228370068959865,-8177.810890232749
"(2, 0, 2)","(2, 3, 2, 4)",0.30852337380802763,-8307.477106566457
"(2, 0, 2)","(2, 3, 3, 4)",0.3012182237046609,-8155.655663318129
"(2, 0, 2)","(2, 3, 4, 4)",0.08262104439417613,-8610.350908281453
"(2, 0, 2)","(2, 4, 1, 4)",21.77671285395517,-7649.414720211062
"(2, 0, 2)","(2, 4, 2, 4)",1.6374389044198274,-7740.526923398895
"(2, 0, 2)","(2, 4, 3, 4)",1.6976502550770083,-7562.2152569673
"(2, 0, 2)","(2, 4, 4, 4)",0.8603341581671959,-7911.83859783258
"(2, 0, 2)","(3, 1, 1, 4)",0.0119812822548506,-9756.24245616654
"(2, 0, 2)","(3, 1, 2, 4)",0.010580192021420914,-9844.178953131312
"(2, 0, 2)","(3, 1, 3, 4)",0.01420606820292578,-9848.89396658947
"(2, 0, 2)","(3, 1, 4, 4)",0.01687126573780684,-9837.557130653815
"(2, 0, 2)","(3, 2, 1, 4)",0.04752023476332983,-9392.25985053978
"(2, 0, 2)","(3, 2, 2, 4)",0.01563103818873836,-9384.246764003514
"(2, 0, 2)","(3, 2, 3, 4)",0.014336351897379857,-9358.604505218142
"(2, 0, 2)","(3, 2, 4, 4)",0.06304382093908135,-9638.462951997328
"(2, 0, 2)","(3, 3, 1, 4)",0.30016230702902263,-8198.32270052076
"(2, 0, 2)","(3, 3, 2, 4)",0.3590025609975238,-8226.412939424881
"(2, 0, 2)","(3, 3, 3, 4)",0.3221388953529768,-8307.481183829692
"(2, 0, 2)","(3, 3, 4, 4)",0.2555611521795356,-8278.593127092556
"(2, 0, 2)","(3, 4, 1, 4)",11.989139062768057,-7079.33111604274
"(2, 0, 2)","(3, 4, 2, 4)",2.014184242617142,-7744.595540455746
"(2, 0, 2)","(3, 4, 3, 4)",1.6356294627083696,-7733.273478338012
"(2, 0, 2)","(3, 4, 4, 4)",1.7941086014492096,-7570.5646732248515
"(2, 1, 0)","(0, 1, 1, 4)",0.010044381115666735,-9864.79607361992
"(2, 1, 0)","(0, 1, 2, 4)",0.010031767898186935,-9863.442159152419
"(2, 1, 0)","(0, 1, 3, 4)",0.01015751393875415,-9862.96269786162
"(2, 1, 0)","(0, 1, 4, 4)",0.01306486257148239,-9859.852093104635
"(2, 1, 0)","(0, 2, 1, 4)",0.05831911276292463,-8460.622250177219
"(2, 1, 0)","(0, 2, 2, 4)",0.015583595734836937,-9772.569890802906
"(2, 1, 0)","(0, 2, 3, 4)",0.015468548307912217,-9771.254771457343
"(2, 1, 0)","(0, 2, 4, 4)",0.015634944725830026,-9770.416543066474
"(2, 1, 0)","(0, 3, 1, 4)",8.889863314621943,-7052.689171997013
"(2, 1, 0)","(0, 3, 2, 4)",0.35538482091319296,-8618.858291434375
"(2, 1, 0)","(0, 3, 3, 4)",0.3841769042604537,-8638.469050895656
"(2, 1, 0)","(0, 3, 4, 4)",0.3144962519339365,-8704.226540526031
"(2, 1, 0)","(0, 4, 1, 4)",82.30441075455931,-6873.402664188967
"(2, 1, 0)","(0, 4, 2, 4)",1.777471189798201,-8350.715102692095
"(2, 1, 0)","(0, 4, 3, 4)",0.49198413444722744,-8209.693186253697
"(2, 1, 0)","(0, 4, 4, 4)",1.9060528382921447,-8533.326666830639
"(2, 1, 0)","(1, 1, 1, 4)",0.010056968529613122,-9863.53486431815
"(2, 1, 0)","(1, 1, 2, 4)",0.00988604830532661,-9864.953779969732
"(2, 1, 0)","(1, 1, 3, 4)",0.010224735339427995,-9863.698075032155
"(2, 1, 0)","(1, 1, 4, 4)",0.010059792479686493,-9864.516280821965
"(2, 1, 0)","(1, 2, 1, 4)",0.030050383769350424,-9022.310525780182
"(2, 1, 0)","(1, 2, 2, 4)",0.018140514224697403,-9762.410530381752
"(2, 1, 0)","(1, 2, 3, 4)",0.1291668030803113,-9645.487329378933
"(2, 1, 0)","(1, 2, 4, 4)",0.014063605594559464,-9777.554324028612
"(2, 1, 0)","(1, 3, 1, 4)",2.6007271777285714,-8159.789747673223
"(2, 1, 0)","(1, 3, 2, 4)",2.5373850423822857,-8103.716947425256
"(2, 1, 0)","(1, 3, 3, 4)",0.37472363059289326,-8635.102873271417
"(2, 1, 0)","(1, 3, 4, 4)",0.4421416811210211,-8631.387462772316
"(2, 1, 0)","(1, 4, 1, 4)",33.695389490676824,-7533.529312346043
"(2, 1, 0)","(1, 4, 2, 4)",2.230201787982117,-8197.419703556603
"(2, 1, 0)","(1, 4, 3, 4)",1.7658094819802757,-8332.158897912788
"(2, 1, 0)","(1, 4, 4, 4)",1.8633364134360992,-8315.84006667533
"(2, 1, 0)","(2, 1, 1, 4)",0.010276789205173841,-9862.765327189107
"(2, 1, 0)","(2, 1, 2, 4)",0.010080288271542759,-9864.00136103018
"(2, 1, 0)","(2, 1, 3, 4)",0.010613088158163643,-9859.819822400981
"(2, 1, 0)","(2, 1, 4, 4)",0.010488022607922549,-9861.296104245159
"(2, 1, 0)","(2, 2, 1, 4)",0.07860258108949214,-9277.10082670559
"(2, 1, 0)","(2, 2, 2, 4)",0.1274240087874588,-9150.513557418491
"(2, 1, 0)","(2, 2, 3, 4)",0.01346841808776729,-9766.483819580677
"(2, 1, 0)","(2, 2, 4, 4)",0.013097844105892703,-9767.078559702533
"(2, 1, 0)","(2, 3, 1, 4)",2.9527884238213984,-8128.202360384423
"(2, 1, 0)","(2, 3, 2, 4)",2.6095923540938224,-8154.187153274064
"(2, 1, 0)","(2, 3, 3, 4)",3.8503378558460817,-8129.790064408378
"(2, 1, 0)","(2, 3, 4, 4)",0.46050957206369186,-8671.263436436255
"(2, 1, 0)","(2, 4, 1, 4)",23.994543028303916,-7611.09022407422
"(2, 1, 0)","(2, 4, 2, 4)",31.652904774206196,-7551.505153050877
"(2, 1, 0)","(2, 4, 3, 4)",4.74721279051917,-7988.232453022868
"(2, 1, 0)","(2, 4, 4, 4)",2.3810010758581,-7837.487366802661
"(2, 1, 0)","(3, 1, 1, 4)",0.01440100737584021,-9770.03329817242
"(2, 1, 0)","(3, 1, 2, 4)",0.01063143211772526,-9864.092926015826
"(2, 1, 0)","(3, 1, 3, 4)",0.010733494189533654,-9861.049090066532
"(2, 1, 0)","(3, 1, 4, 4)",0.01114783003505244,-9823.661705650413
"(2, 1, 0)","(3, 2, 1, 4)",0.25300467717011993,-9072.228999353765
"(2, 1, 0)","(3, 2, 2, 4)",0.07946039891475543,-9274.2052893493
"(2, 1, 0)","(3, 2, 3, 4)",0.03314222777539035,-9427.116860232261
"(2, 1, 0)","(3, 2, 4, 4)",0.020343622875993034,-9734.339628022568
"(2, 1, 0)","(3, 3, 1, 4)",1.043634767953506,-7727.510831818998
"(2, 1, 0)","(3, 3, 2, 4)",2.380815038226523,-8153.416004662222
"(2, 1, 0)","(3, 3, 3, 4)",2.772150572289422,-8157.552501751282
"(2, 1, 0)","(3, 3, 4, 4)",1.374377289645288,-8174.082947713349
"(2, 1, 0)","(3, 4, 1, 4)",422.2610858046611,-7115.235432870543
"(2, 1, 0)","(3, 4, 2, 4)",25.323148571016265,-7585.739479028025
"(2, 1, 0)","(3, 4, 3, 4)",32.181818032575954,-7545.832936189321
"(2, 1, 0)","(3, 4, 4, 4)",17.153152364660322,-7657.785721074202
"(2, 1, 1)","(0, 1, 1, 4)",0.00990825403948083,-9860.95949634685
"(2, 1, 1)","(0, 1, 2, 4)",0.00975550570520518,-9860.161719114398
"(2, 1, 1)","(0, 1, 3, 4)",0.010341937396629992,-9850.742717503808
"(2, 1, 1)","(0, 1, 4, 4)",0.01328650554603708,-9856.449306280652
"(2, 1, 1)","(0, 2, 1, 4)",0.020927034638310204,-8757.170444823581
"(2, 1, 1)","(0, 2, 2, 4)",0.014753275842317901,-9765.534416068063
"(2, 1, 1)","(0, 2, 3, 4)",0.016670257264391676,-9757.876257157255
"(2, 1, 1)","(0, 2, 4, 4)",0.015676163530952004,-9751.923824625506
"(2, 1, 1)","(0, 3, 1, 4)",0.7623243353111496,-7334.252740324136
"(2, 1, 1)","(0, 3, 2, 4)",0.3376086059270499,-8628.460928166738
"(2, 1, 1)","(0, 3, 3, 4)",0.3611051275008027,-8592.02326088943
"(2, 1, 1)","(0, 3, 4, 4)",0.3256453967891132,-8731.83882167649
"(2, 1, 1)","(0, 4, 1, 4)",6.110442329214772,-7058.504738226009
"(2, 1, 1)","(0, 4, 2, 4)",1.8773439970550374,-8344.31253184133
"(2, 1, 1)","(0, 4, 3, 4)",0.7010805243241841,-8212.394843555645
"(2, 1, 1)","(0, 4, 4, 4)",2.781810275379754,-8346.489722502785
"(2, 1, 1)","(1, 1, 1, 4)",0.009730863071954332,-9859.844096459095
"(2, 1, 1)","(1, 1, 2, 4)",0.00967514102383596,-9861.322518360248
"(2, 1, 1)","(1, 1, 3, 4)",0.009886586714165759,-9859.44715776268
"(2, 1, 1)","(1, 1, 4, 4)",0.010283927327508196,-9860.107510807584
"(2, 1, 1)","(1, 2, 1, 4)",0.02443295004938174,-9095.602897310779
"(2, 1, 1)","(1, 2, 2, 4)",0.04660151355742477,-9452.800062873543
"(2, 1, 1)","(1, 2, 3, 4)",0.11302581295368722,-9686.434761515136
"(2, 1, 1)","(1, 2, 4, 4)",0.011260956322826235,-9750.267166318947
"(2, 1, 1)","(1, 3, 1, 4)",2.88180415214907,-8176.271201746078
"(2, 1, 1)","(1, 3, 2, 4)",2.3596542057073493,-8125.3845524527105
"(2, 1, 1)","(1, 3, 3, 4)",0.3760248386129257,-8634.516403603082
"(2, 1, 1)","(1, 3, 4, 4)",0.5089592464095426,-8663.76331109453
"(2, 1, 1)","(1, 4, 1, 4)",42.94127504918822,-7540.762430552551
"(2, 1, 1)","(1, 4, 2, 4)",33.80755659780292,-7851.083860988738
"(2, 1, 1)","(1, 4, 3, 4)",1.76204723323436,-8344.619865492907
"(2, 1, 1)","(1, 4, 4, 4)",1.740971344992237,-8324.16164959226
"(2, 1, 1)","(2, 1, 1, 4)",0.013307887731625218,-9841.869328917537
"(2, 1, 1)","(2, 1, 2, 4)",0.010337319634746012,-9858.762293845479
"(2, 1, 1)","(2, 1, 3, 4)",0.010744677981423558,-9855.692192849947
"(2, 1, 1)","(2, 1, 4, 4)",0.01033847438383997,-9857.624151932174
"(2, 1, 1)","(2, 2, 1, 4)",0.07751222742394792,-9294.797984698529
"(2, 1, 1)","(2, 2, 2, 4)",0.03467649349919017,-9113.012156869812
"(2, 1, 1)","(2, 2, 3, 4)",0.019020790222209982,-9657.267288346333
"(2, 1, 1)","(2, 2, 4, 4)",0.015146533943599041,-9738.860618465656
"(2, 1, 1)","(2, 3, 1, 4)",2.7050630183145055,-8142.934846355563
"(2, 1, 1)","(2, 3, 2, 4)",2.5990423271688634,-8154.285928374088
"(2, 1, 1)","(2, 3, 3, 4)",2.7462064736710863,-8145.204928213969
"(2, 1, 1)","(2, 3, 4, 4)",0.42483816748031966,-8649.92283733126
"(2, 1, 1)","(2, 4, 1, 4)",26.251364999420012,-7594.256927293532
"(2, 1, 1)","(2, 4, 2, 4)",31.568110210020443,-7548.493764417815
"(2, 1, 1)","(2, 4, 3, 4)",38.389558874443885,-7415.985069253783
"(2, 1, 1)","(2, 4, 4, 4)",12.941430052878914,-8094.672238227307
"(2, 1, 1)","(3, 1, 1, 4)",0.017798895915453437,-9672.549508965341
"(2, 1, 1)","(3, 1, 2, 4)",0.009987954059664645,-9859.611782599768
"(2, 1, 1)","(3, 1, 3, 4)",0.010546566853933952,-9857.245677214993
"(2, 1, 1)","(3, 1, 4, 4)",0.012130498730234963,-9818.721815382005
"(2, 1, 1)","(3, 2, 1, 4)",0.16528982309627405,-9320.47232734318
"(2, 1, 1)","(3, 2, 2, 4)",0.07784898632186736,-9296.66464840603
"(2, 1, 1)","(3, 2, 3, 4)",0.03322161525816497,-9409.570664245115
"(2, 1, 1)","(3, 2, 4, 4)",0.026207196152595414,-9682.2595173107
"(2, 1, 1)","(3, 3, 1, 4)",1.0416523416560346,-7666.685249067397
"(2, 1, 1)","(3, 3, 2, 4)",2.4146575953244067,-8142.364117185268
"(2, 1, 1)","(3, 3, 3, 4)",2.708692387308588,-8155.240773269341
"(2, 1, 1)","(3, 3, 4, 4)",1.2938260152502112,-8159.927601430565
"(2, 1, 1)","(3, 4, 1, 4)",419.3167715173833,-7158.970646955803
"(2, 1, 1)","(3, 4, 2, 4)",22.433497492126364,-7587.07230294366
"(2, 1, 1)","(3, 4, 3, 4)",32.889245229957524,-7540.816235219458
"(2, 1, 1)","(3, 4, 4, 4)",20.79166771242248,-7578.411973975383
"(2, 1, 2)","(0, 1, 1, 4)",0.0098321950782204,-9859.944654948788
"(2, 1, 2)","(0, 1, 2, 4)",0.009537369695525011,-9859.068275176256
"(2, 1, 2)","(0, 1, 3, 4)",0.009822990274513683,-9858.673597538576
"(2, 1, 2)","(0, 1, 4, 4)",0.0128623712481797,-9856.968262114586
"(2, 1, 2)","(0, 2, 1, 4)",0.01085961016583151,-9021.41543954254
"(2, 1, 2)","(0, 2, 2, 4)",0.01561437115244899,-9762.027579028974
"(2, 1, 2)","(0, 2, 3, 4)",0.01580176513572504,-9754.506499165716
"(2, 1, 2)","(0, 2, 4, 4)",0.015511386349096578,-9759.724996117355
"(2, 1, 2)","(0, 3, 1, 4)",0.24481671122906237,-7703.8335486878
"(2, 1, 2)","(0, 3, 2, 4)",0.15163439196575826,-8650.780240025128
"(2, 1, 2)","(0, 3, 3, 4)",0.19765577923228353,-8658.274665937848
"(2, 1, 2)","(0, 3, 4, 4)",0.28941951201336225,-8847.54875801309
"(2, 1, 2)","(0, 4, 1, 4)",1.8651357107966349,-7487.466962300491
"(2, 1, 2)","(0, 4, 2, 4)",0.5756859574602321,-8447.780533599802
"(2, 1, 2)","(0, 4, 3, 4)",0.5128030452219674,-8200.546392398488
"(2, 1, 2)","(0, 4, 4, 4)",1.7247094717425486,-8341.242469204279
"(2, 1, 2)","(1, 1, 1, 4)",0.009575557234789795,-9860.826233083708
"(2, 1, 2)","(1, 1, 2, 4)",0.009721216864737776,-9861.718948234566
"(2, 1, 2)","(1, 1, 3, 4)",0.0101070532351304,-9859.98949981427
"(2, 1, 2)","(1, 1, 4, 4)",0.010446159506461394,-9860.92010584324
"(2, 1, 2)","(1, 2, 1, 4)",0.06388694603108845,-9239.232685892537
"(2, 1, 2)","(1, 2, 2, 4)",0.021770634128384727,-9293.4890144838
"(2, 1, 2)","(1, 2, 3, 4)",0.013634443502455023,-9720.078188314079
"(2, 1, 2)","(1, 2, 4, 4)",0.014593538959313035,-9765.92014926581
"(2, 1, 2)","(1, 3, 1, 4)",2.624160369094507,-8156.6688415564695
"(2, 1, 2)","(1, 3, 2, 4)",2.2461565696600423,-8140.726410024846
"(2, 1, 2)","(1, 3, 3, 4)",0.13627320999998563,-8686.838173949278
"(2, 1, 2)","(1, 3, 4, 4)",0.9900505555478247,-8535.591880848024
"(2, 1, 2)","(1, 4, 1, 4)",32.35960168025563,-7584.773630991425
"(2, 1, 2)","(1, 4, 2, 4)",22.63155525852436,-7928.1385145630165
"(2, 1, 2)","(1, 4, 3, 4)",1.7439794467723992,-8363.610309832045
"(2, 1, 2)","(1, 4, 4, 4)",2.4629211391870007,-8277.308190131851
"(2, 1, 2)","(2, 1, 1, 4)",0.009931648883460204,-9856.708477006247
"(2, 1, 2)","(2, 1, 2, 4)",0.009734103172496076,-9859.535162569136
"(2, 1, 2)","(2, 1, 3, 4)",0.010452484343338434,-9855.725058735754
"(2, 1, 2)","(2, 1, 4, 4)",0.010537173278264556,-9857.509053571153
"(2, 1, 2)","(2, 2, 1, 4)",0.07692399003917014,-9287.11463722453
"(2, 1, 2)","(2, 2, 2, 4)",0.03968909876714087,-9091.93610659581
"(2, 1, 2)","(2, 2, 3, 4)",0.012408466111143894,-9763.929477550115
"(2, 1, 2)","(2, 2, 4, 4)",0.024351559723290086,-9756.200690658947
"(2, 1, 2)","(2, 3, 1, 4)",2.6227796348516152,-8152.432483308308
"(2, 1, 2)","(2, 3, 2, 4)",2.8323785598976086,-8149.952357947832
"(2, 1, 2)","(2, 3, 3, 4)",2.6823326552242177,-8171.461952335306
"(2, 1, 2)","(2, 3, 4, 4)",0.43558846097858694,-8653.741437641014
"(2, 1, 2)","(2, 4, 1, 4)",24.959252904515502,-7586.351851325746
"(2, 1, 2)","(2, 4, 2, 4)",32.27126883436141,-7546.712294590734
"(2, 1, 2)","(2, 4, 3, 4)",8.15111039174352,-7824.595062359452
"(2, 1, 2)","(2, 4, 4, 4)",1.8436249107489027,-7876.599510003839
"(2, 1, 2)","(3, 1, 1, 4)",0.014830886431118056,-9682.417550263688
"(2, 1, 2)","(3, 1, 2, 4)",0.010373145281019503,-9859.727675253434
"(2, 1, 2)","(3, 1, 3, 4)",0.010725061938608404,-9857.220338098854
"(2, 1, 2)","(3, 1, 4, 4)",0.00955249623509532,-9820.707993359107
"(2, 1, 2)","(3, 2, 1, 4)",0.18594169147309542,-9275.787677172391
"(2, 1, 2)","(3, 2, 2, 4)",0.07946317551575377,-9308.318563373128
"(2, 1, 2)","(3, 2, 3, 4)",0.05433646891469927,-9441.55054263926
"(2, 1, 2)","(3, 2, 4, 4)",0.017655184462699265,-9620.655512823478
"(2, 1, 2)","(3, 3, 1, 4)",2.819712053049968,-7727.08022993129
"(2, 1, 2)","(3, 3, 2, 4)",2.5886819438022464,-8145.233266519912
"(2, 1, 2)","(3, 3, 3, 4)",2.6989983998643394,-8153.64168685808
"(2, 1, 2)","(3, 3, 4, 4)",1.3048703511684747,-8168.965950577944
"(2, 1, 2)","(3, 4, 1, 4)",423.2812288516369,-7224.28090349393
"(2, 1, 2)","(3, 4, 2, 4)",28.955819391780164,-7543.153509463533
"(2, 1, 2)","(3, 4, 3, 4)",32.096422512195986,-7538.916043815354
"(2, 1, 2)","(3, 4, 4, 4)",5.403523352938128,-7934.686032467433
"(3, 0, 0)","(0, 1, 1, 4)",0.014169251118230326,-9864.896709541183
"(3, 0, 0)","(0, 1, 2, 4)",0.01465579685569927,-9859.591417875903
"(3, 0, 0)","(0, 1, 3, 4)",0.014559073932835218,-9857.647064425624
"(3, 0, 0)","(0, 1, 4, 4)",0.015310054939131892,-9838.747310715433
"(3, 0, 0)","(0, 2, 1, 4)",0.010045031439793631,-8807.6107533664
"(3, 0, 0)","(0, 2, 2, 4)",0.012066304996481215,-9787.794473012787
"(3, 0, 0)","(0, 2, 3, 4)",0.0122570974974134,-9756.19820210736
"(3, 0, 0)","(0, 2, 4, 4)",0.00613009221313348,-9763.013051813963
"(3, 0, 0)","(0, 3, 1, 4)",0.2672327345399695,-7514.435348303838
"(3, 0, 0)","(0, 3, 2, 4)",0.07080527986651683,-8739.274682250976
"(3, 0, 0)","(0, 3, 3, 4)",0.29656550117074054,-8625.9550168567
"(3, 0, 0)","(0, 3, 4, 4)",0.14369053996307407,-8821.976939162063
"(3, 0, 0)","(0, 4, 1, 4)",1.8682470645349043,-7276.726077611315
"(3, 0, 0)","(0, 4, 2, 4)",1.6547414488154206,-8370.843681053424
"(3, 0, 0)","(0, 4, 3, 4)",1.526045119645798,-8378.361012472818
"(3, 0, 0)","(0, 4, 4, 4)",1.726373328155192,-8464.401639765321
"(3, 0, 0)","(1, 1, 1, 4)",0.017430985732006327,-9850.082288723284
"(3, 0, 0)","(1, 1, 2, 4)",0.014171321139568644,-9855.40507602368
"(3, 0, 0)","(1, 1, 3, 4)",0.015160388770172223,-9848.703746700789
"(3, 0, 0)","(1, 1, 4, 4)",0.015131590617269264,-9841.208272576137
"(3, 0, 0)","(1, 2, 1, 4)",0.020561353468956125,-9118.706915063958
"(3, 0, 0)","(1, 2, 2, 4)",0.1311991680866636,-9661.565708472499
"(3, 0, 0)","(1, 2, 3, 4)",0.010927414262920095,-9796.359869455944
"(3, 0, 0)","(1, 2, 4, 4)",0.007656959779435651,-9767.752188959343
"(3, 0, 0)","(1, 3, 1, 4)",1.0416551252567092,-8196.325001376505
"(3, 0, 0)","(1, 3, 2, 4)",0.3030453649441932,-8221.03267503995
"(3, 0, 0)","(1, 3, 3, 4)",0.12148601929977172,-8732.890531352059
"(3, 0, 0)","(1, 3, 4, 4)",0.15370912432194975,-8714.894015654967
"(3, 0, 0)","(1, 4, 1, 4)",2.229997139799313,-7669.413341834632
"(3, 0, 0)","(1, 4, 2, 4)",2.1814163822411197,-7446.937195490413
"(3, 0, 0)","(1, 4, 3, 4)",0.4260962513382675,-8389.711928717037
"(3, 0, 0)","(1, 4, 4, 4)",0.36318690042248153,-8425.658172510699
"(3, 0, 0)","(2, 1, 1, 4)",0.012719974833762018,-9857.409218918152
"(3, 0, 0)","(2, 1, 2, 4)",0.015877333698290245,-9847.187966823938
"(3, 0, 0)","(2, 1, 3, 4)",0.015982887981515828,-9847.24429204237
"(3, 0, 0)","(2, 1, 4, 4)",0.013684530480896583,-9848.421355959941
"(3, 0, 0)","(2, 2, 1, 4)",0.04364913033775691,-9314.380665128863
"(3, 0, 0)","(2, 2, 2, 4)",0.018211643771315855,-9244.29697880708
"(3, 0, 0)","(2, 2, 3, 4)",0.013696288181078792,-9636.880936396528
"(3, 0, 0)","(2, 2, 4, 4)",0.013968120044159657,-9743.09721270022
"(3, 0, 0)","(2, 3, 1, 4)",0.5044295809173981,-8249.921224304217
"(3, 0, 0)","(2, 3, 2, 4)",0.2940799829320718,-8303.965418093125
"(3, 0, 0)","(2, 3, 3, 4)",0.28099011641085353,-8262.59420130665
"(3, 0, 0)","(2, 3, 4, 4)",0.12265554817705933,-8609.663534909934
"(3, 0, 0)","(2, 4, 1, 4)",2.7788559222063456,-7767.009399040898
"(3, 0, 0)","(2, 4, 2, 4)",1.8577667707587964,-7746.745978454806
"(3, 0, 0)","(2, 4, 3, 4)",1.792782847023446,-7571.793648191409
"(3, 0, 0)","(2, 4, 4, 4)",0.3729498116739561,-8303.640588527098
"(3, 0, 0)","(3, 1, 1, 4)",0.011640865221590396,-9828.228358872295
"(3, 0, 0)","(3, 1, 2, 4)",0.016572145227417897,-9846.03545166167
"(3, 0, 0)","(3, 1, 3, 4)",0.020700464973798204,-9829.853482368231
"(3, 0, 0)","(3, 1, 4, 4)",0.014211005161932725,-9762.79306520844
"(3, 0, 0)","(3, 2, 1, 4)",0.0883793667047608,-9391.25988785479
"(3, 0, 0)","(3, 2, 2, 4)",0.020417137143857657,-9368.206798475885
"(3, 0, 0)","(3, 2, 3, 4)",0.01763172915920046,-9293.353620434773
"(3, 0, 0)","(3, 2, 4, 4)",0.08057798686040149,-9647.66131031634
"(3, 0, 0)","(3, 3, 1, 4)",0.36639097228703454,-8167.532314570262
"(3, 0, 0)","(3, 3, 2, 4)",0.3002705248728092,-8277.928600521005
"(3, 0, 0)","(3, 3, 3, 4)",0.3194864582048682,-8327.55405834782
"(3, 0, 0)","(3, 3, 4, 4)",0.26034746410215653,-8299.196512948774
"(3, 0, 0)","(3, 4, 1, 4)",3.1440437898246567,-7752.9294266017005
"(3, 0, 0)","(3, 4, 2, 4)",1.9472208442358467,-7762.395489202424
"(3, 0, 0)","(3, 4, 3, 4)",1.7844480262620017,-7729.918804186023
"(3, 0, 0)","(3, 4, 4, 4)",2.0558319863704915,-7600.685164815683
"(3, 0, 1)","(0, 1, 1, 4)",0.011325154586658955,-9864.98940569269
"(3, 0, 1)","(0, 1, 2, 4)",0.009697652068963517,-9862.771503990763
"(3, 0, 1)","(0, 1, 3, 4)",0.009726930260095112,-9860.034525737128
"(3, 0, 1)","(0, 1, 4, 4)",0.012506530169126628,-9861.45818674475
"(3, 0, 1)","(0, 2, 1, 4)",0.010144394569222562,-8823.7051204822
"(3, 0, 1)","(0, 2, 2, 4)",0.015174903306922704,-9772.377926975123
"(3, 0, 1)","(0, 2, 3, 4)",0.019421575816152815,-9693.216636896197
"(3, 0, 1)","(0, 2, 4, 4)",0.015604778162762489,-9771.387932876693
"(3, 0, 1)","(0, 3, 1, 4)",0.2812746670667995,-7532.904794317455
"(3, 0, 1)","(0, 3, 2, 4)",0.27078558066200126,-8714.849079290363
"(3, 0, 1)","(0, 3, 3, 4)",0.014132134601216595,-8765.184427442544
"(3, 0, 1)","(0, 3, 4, 4)",0.13338183636928855,-8885.457195611309
"(3, 0, 1)","(0, 4, 1, 4)",1.8397428946067365,-7272.4562418385785
"(3, 0, 1)","(0, 4, 2, 4)",1.893984041933337,-8423.161482268393
"(3, 0, 1)","(0, 4, 3, 4)",1.8766832180291722,-8384.283027862388
"(3, 0, 1)","(0, 4, 4, 4)",2.1575544562258337,-8242.908189751663
"(3, 0, 1)","(1, 1, 1, 4)",0.009953788739381067,-9862.216694097264
"(3, 0, 1)","(1, 1, 2, 4)",0.013555659645227813,-9859.578257674544
"(3, 0, 1)","(1, 1, 3, 4)",0.012306345133114759,-9855.836488942537
"(3, 0, 1)","(1, 1, 4, 4)",0.01441940900605137,-9853.216404439037
"(3, 0, 1)","(1, 2, 1, 4)",0.019413712117967455,-9167.338586476988
"(3, 0, 1)","(1, 2, 2, 4)",0.015369660195184051,-9722.888939397759
"(3, 0, 1)","(1, 2, 3, 4)",0.009706952662219307,-9788.517178011121
"(3, 0, 1)","(1, 2, 4, 4)",0.011865629788570971,-9764.32111137455
"(3, 0, 1)","(1, 3, 1, 4)",0.3092202141983484,-8315.00968383709
"(3, 0, 1)","(1, 3, 2, 4)",0.3245576208095051,-8233.702058110292
"(3, 0, 1)","(1, 3, 3, 4)",0.2123826011956318,-8606.153291302882
"(3, 0, 1)","(1, 3, 4, 4)",0.34874090150785253,-8677.824169485868
"(3, 0, 1)","(1, 4, 1, 4)",2.349621008296862,-7668.346266480008
"(3, 0, 1)","(1, 4, 2, 4)",2.706091837105313,-7513.034081638301
"(3, 0, 1)","(1, 4, 3, 4)",0.3346968479162829,-8452.229201747185
"(3, 0, 1)","(1, 4, 4, 4)",0.30936524271685695,-8269.544383985205
"(3, 0, 1)","(2, 1, 1, 4)",0.008590827084772407,-9836.806502617515
"(3, 0, 1)","(2, 1, 2, 4)",0.013156544359919291,-9858.725421633373
"(3, 0, 1)","(2, 1, 3, 4)",0.011682641353188264,-9854.873431310352
"(3, 0, 1)","(2, 1, 4, 4)",0.015427072097907396,-9842.473491078697
"(3, 0, 1)","(2, 2, 1, 4)",0.07262603621642474,-9357.031134288662
"(3, 0, 1)","(2, 2, 2, 4)",0.014831332907557787,-9244.08960308217
"(3, 0, 1)","(2, 2, 3, 4)",0.10342035535973415,-9663.057445163744
"(3, 0, 1)","(2, 2, 4, 4)",0.029148834060400385,-9716.95947997666
"(3, 0, 1)","(2, 3, 1, 4)",0.3015172573599464,-8183.835432803322
"(3, 0, 1)","(2, 3, 2, 4)",0.30932465654428953,-8306.766348170213
"(3, 0, 1)","(2, 3, 3, 4)",0.28841162926462927,-8221.534199665002
"(3, 0, 1)","(2, 3, 4, 4)",0.14794901380975026,-8617.35454724164
"(3, 0, 1)","(2, 4, 1, 4)",3.117765775602006,-7687.284602374563
"(3, 0, 1)","(2, 4, 2, 4)",1.8480659002953157,-7728.780581735986
"(3, 0, 1)","(2, 4, 3, 4)",2.116045534916485,-7553.04380744547
"(3, 0, 1)","(2, 4, 4, 4)",0.5292233134299007,-8146.442184895779
"(3, 0, 1)","(3, 1, 1, 4)",0.011078003531703915,-9812.347226152053
"(3, 0, 1)","(3, 1, 2, 4)",0.011781802314984333,-9855.786048033411
"(3, 0, 1)","(3, 1, 3, 4)",0.01511115492336671,-9853.502164702943
"(3, 0, 1)","(3, 1, 4, 4)",0.019614849972206746,-9839.647265422456
"(3, 0, 1)","(3, 2, 1, 4)",0.12305900443811621,-9422.375405200548
"(3, 0, 1)","(3, 2, 2, 4)",0.025743785457629804,-9365.433727177757
"(3, 0, 1)","(3, 2, 3, 4)",0.018563696853122008,-9299.280446491704
"(3, 0, 1)","(3, 2, 4, 4)",0.021791907548530685,-9651.212396966166
"(3, 0, 1)","(3, 3, 1, 4)",0.2921923369285629,-8177.139662186135
"(3, 0, 1)","(3, 3, 2, 4)",0.3289680139191705,-8287.64477396081
"(3, 0, 1)","(3, 3, 3, 4)",0.3158599944032595,-8315.905218256692
"(3, 0, 1)","(3, 3, 4, 4)",0.2677293746565099,-8284.028866938606
"(3, 0, 1)","(3, 4, 1, 4)",2.460726873227352,-7512.145070410648
"(3, 0, 1)","(3, 4, 2, 4)",2.060288756645987,-7743.880762852163
"(3, 0, 1)","(3, 4, 3, 4)",2.0749898208508446,-7696.424415935968
"(3, 0, 1)","(3, 4, 4, 4)",1.9067409707644074,-7651.656685782276
"(3, 0, 2)","(0, 1, 1, 4)",0.012444184686343273,-9857.892007456907
"(3, 0, 2)","(0, 1, 2, 4)",0.012081322657585571,-9856.285414893011
"(3, 0, 2)","(0, 1, 3, 4)",0.011879090653749699,-9850.468057371827
"(3, 0, 2)","(0, 1, 4, 4)",0.013524898456710555,-9847.69198691946
"(3, 0, 2)","(0, 2, 1, 4)",0.011233215192515869,-8976.850936718522
"(3, 0, 2)","(0, 2, 2, 4)",0.020110100489691078,-9687.76703756036
"(3, 0, 2)","(0, 2, 3, 4)",0.01696477832756709,-9691.954749666425
"(3, 0, 2)","(0, 2, 4, 4)",0.015001714295637672,-9733.211808255537
"(3, 0, 2)","(0, 3, 1, 4)",0.049629170670520466,-7866.035816078916
"(3, 0, 2)","(0, 3, 2, 4)",0.345472887774285,-8560.320099826502
"(3, 0, 2)","(0, 3, 3, 4)",0.049014784623529206,-8574.939400425781
"(3, 0, 2)","(0, 3, 4, 4)",0.16709266743849396,-8898.488082337431
"(3, 0, 2)","(0, 4, 1, 4)",0.3603893267807442,-7657.658964887751
"(3, 0, 2)","(0, 4, 2, 4)",2.623966213948811,-8325.454898952117
"(3, 0, 2)","(0, 4, 3, 4)",0.14086601636316626,-8529.317049782641
"(3, 0, 2)","(0, 4, 4, 4)",0.31635377273288884,-8405.47638032352
"(3, 0, 2)","(1, 1, 1, 4)",0.01045214020282378,-9846.712098242122
"(3, 0, 2)","(1, 1, 2, 4)",0.009827160432428522,-9858.14006555094
"(3, 0, 2)","(1, 1, 3, 4)",0.011151578846576417,-9859.253333947021
"(3, 0, 2)","(1, 1, 4, 4)",0.010694782536942194,-9854.889176068322
"(3, 0, 2)","(1, 2, 1, 4)",0.025949319003281575,-9248.836969952596
"(3, 0, 2)","(1, 2, 2, 4)",0.06892909852600601,-9585.873615488086
"(3, 0, 2)","(1, 2, 3, 4)",0.03081786005070706,-9721.956872663432
"(3, 0, 2)","(1, 2, 4, 4)",0.016181404052421383,-9711.021552781242
"(3, 0, 2)","(1, 3, 1, 4)",0.6633500918637656,-8285.879143690801
"(3, 0, 2)","(1, 3, 2, 4)",0.3424537456294247,-8247.678024752056
"(3, 0, 2)","(1, 3, 3, 4)",0.042437595788096395,-8744.578445974199
"(3, 0, 2)","(1, 3, 4, 4)",0.08873703525988208,-8745.722583077742
"(3, 0, 2)","(1, 4, 1, 4)",0.27220122438934624,-7908.686016727906
"(3, 0, 2)","(1, 4, 2, 4)",0.614743579526212,-7627.507791398719
"(3, 0, 2)","(1, 4, 3, 4)",0.24514788980402252,-8459.68595247408
"(3, 0, 2)","(1, 4, 4, 4)",0.1441669688321398,-8282.182589849062
"(3, 0, 2)","(2, 1, 1, 4)",0.012047676939196544,-9833.117163667268
"(3, 0, 2)","(2, 1, 2, 4)",0.012781767039943225,-9855.421778306933
"(3, 0, 2)","(2, 1, 3, 4)",0.012307164239386529,-9849.116058176554
"(3, 0, 2)","(2, 1, 4, 4)",0.009936518233305245,-9848.946566302848
"(3, 0, 2)","(2, 2, 1, 4)",0.07156569055848794,-9329.698235193497
"(3, 0, 2)","(2, 2, 2, 4)",0.010997100032364399,-9309.961324302927
"(3, 0, 2)","(2, 2, 3, 4)",0.08247894595892445,-9623.17263287942
"(3, 0, 2)","(2, 2, 4, 4)",0.010542546798673183,-9668.569178385304
"(3, 0, 2)","(2, 3, 1, 4)",0.1211363398033829,-8303.072824935914
"(3, 0, 2)","(2, 3, 2, 4)",0.14294407752850374,-8470.470518469772
"(3, 0, 2)","(2, 3, 3, 4)",0.34539002141583197,-8310.027650574819
"(3, 0, 2)","(2, 3, 4, 4)",0.1663732705146838,-8654.06588289874
"(3, 0, 2)","(2, 4, 1, 4)",0.7996635661456037,-7866.152710924932
"(3, 0, 2)","(2, 4, 2, 4)",1.0435871835492174,-7987.601659966114
"(3, 0, 2)","(2, 4, 3, 4)",1.0379320076957268,-7672.69004490331
"(3, 0, 2)","(2, 4, 4, 4)",0.7290131291092233,-8232.95760696326
"(3, 0, 2)","(3, 1, 1, 4)",0.015575130616995503,-9801.255707587223
"(3, 0, 2)","(3, 1, 2, 4)",0.012695929398475803,-9829.902154968393
"(3, 0, 2)","(3, 1, 3, 4)",0.011339882039479107,-9830.083711612644
"(3, 0, 2)","(3, 1, 4, 4)",0.01165481515254581,-9851.68168501346
"(3, 0, 2)","(3, 2, 1, 4)",0.13315703545801527,-9365.741734157757
"(3, 0, 2)","(3, 2, 2, 4)",0.04184655009815534,-9382.559166588288
"(3, 0, 2)","(3, 2, 3, 4)",0.014656623554508048,-9302.019166448716
"(3, 0, 2)","(3, 2, 4, 4)",0.07282871511127105,-9643.622603867363
"(3, 0, 2)","(3, 3, 1, 4)",0.14248677515692235,-8344.747970300956
"(3, 0, 2)","(3, 3, 2, 4)",0.22453844938605877,-8324.9034903703
"(3, 0, 2)","(3, 3, 3, 4)",0.2782533092145492,-8372.040296719719
"(3, 0, 2)","(3, 3, 4, 4)",0.22142264458487965,-8341.701631465014
"(3, 0, 2)","(3, 4, 1, 4)",2.8411645181843235,-7491.563445824417
"(3, 0, 2)","(3, 4, 2, 4)",0.9828810936143604,-7883.001285889111
"(3, 0, 2)","(3, 4, 3, 4)",1.4878007184323465,-7753.689181547525
"(3, 0, 2)","(3, 4, 4, 4)",1.2869821834490138,-7700.88551424497
"(3, 1, 0)","(0, 1, 1, 4)",0.010151763319510676,-9864.577730845376
"(3, 1, 0)","(0, 1, 2, 4)",0.010024408232080725,-9863.227476560094
"(3, 1, 0)","(0, 1, 3, 4)",0.010059551312948048,-9862.564901012574
"(3, 1, 0)","(0, 1, 4, 4)",0.010460962605379764,-9860.25153552089
"(3, 1, 0)","(0, 2, 1, 4)",0.06544386950111958,-8465.307075864992
"(3, 1, 0)","(0, 2, 2, 4)",0.015690270411470218,-9772.007670150217
"(3, 1, 0)","(0, 2, 3, 4)",0.01555882715087368,-9771.048090604401
"(3, 1, 0)","(0, 2, 4, 4)",0.01581244668254641,-9769.850045114648
"(3, 1, 0)","(0, 3, 1, 4)",9.344408287773238,-7052.398495382341
"(3, 1, 0)","(0, 3, 2, 4)",0.5451306025893008,-8557.844587052085
"(3, 1, 0)","(0, 3, 3, 4)",0.38988283815413183,-8611.245497496204
"(3, 1, 0)","(0, 3, 4, 4)",0.47373220233610647,-8657.40289882691
"(3, 1, 0)","(0, 4, 1, 4)",86.36352933300651,-6875.501282845192
"(3, 1, 0)","(0, 4, 2, 4)",1.8878686946387901,-8342.617594660982
"(3, 1, 0)","(0, 4, 3, 4)",0.4978933224441226,-8149.429411546106
"(3, 1, 0)","(0, 4, 4, 4)",1.892137680532305,-8543.88258295154
"(3, 1, 0)","(1, 1, 1, 4)",0.010037920632561839,-9863.27549283853
"(3, 1, 0)","(1, 1, 2, 4)",0.010012252750457511,-9864.563516038597
"(3, 1, 0)","(1, 1, 3, 4)",0.010158240345719775,-9863.288365813623
"(3, 1, 0)","(1, 1, 4, 4)",0.010552941170947724,-9864.25748991254
"(3, 1, 0)","(1, 2, 1, 4)",0.028031858022780576,-9025.675695764081
"(3, 1, 0)","(1, 2, 2, 4)",0.015687055200645814,-9673.869124391034
"(3, 1, 0)","(1, 2, 3, 4)",0.022405274815963994,-9747.958926604088
"(3, 1, 0)","(1, 2, 4, 4)",0.014295378756042903,-9778.165519439102
"(3, 1, 0)","(1, 3, 1, 4)",3.2375607514180644,-8075.569508290726
"(3, 1, 0)","(1, 3, 2, 4)",2.783389271828043,-8124.967005336386
"(3, 1, 0)","(1, 3, 3, 4)",0.3836359263158529,-8635.60927251058
"(3, 1, 0)","(1, 3, 4, 4)",0.4679195130000041,-8622.218624001722
"(3, 1, 0)","(1, 4, 1, 4)",34.183914345457794,-7527.767240214438
"(3, 1, 0)","(1, 4, 2, 4)",3.043825738613506,-8164.470785864234
"(3, 1, 0)","(1, 4, 3, 4)",1.8096531500646098,-8316.024017520107
"(3, 1, 0)","(1, 4, 4, 4)",2.1219358323459585,-8255.30541983745
"(3, 1, 0)","(2, 1, 1, 4)",0.011714209599878844,-9861.7908629062
"(3, 1, 0)","(2, 1, 2, 4)",0.010332598931141954,-9863.243107788465
"(3, 1, 0)","(2, 1, 3, 4)",0.010617861122590411,-9859.41531736669
"(3, 1, 0)","(2, 1, 4, 4)",0.010514377936691568,-9860.956502460414
"(3, 1, 0)","(2, 2, 1, 4)",0.07987294600108606,-9276.294098650342
"(3, 1, 0)","(2, 2, 2, 4)",0.04253059727063233,-9205.241298959372
"(3, 1, 0)","(2, 2, 3, 4)",0.02213838627654597,-9750.715365581736
"(3, 1, 0)","(2, 2, 4, 4)",0.015013006483516033,-9739.759548178303
"(3, 1, 0)","(2, 3, 1, 4)",2.5929918281511353,-8151.204638774563
"(3, 1, 0)","(2, 3, 2, 4)",2.632466297123713,-8154.66266795371
"(3, 1, 0)","(2, 3, 3, 4)",1.4887098855897445,-8206.150315463632
"(3, 1, 0)","(2, 3, 4, 4)",0.46230778067106765,-8662.077502691453
"(3, 1, 0)","(2, 4, 1, 4)",26.548793323162972,-7605.442111788085
"(3, 1, 0)","(2, 4, 2, 4)",32.68703849264261,-7550.242247755052
"(3, 1, 0)","(2, 4, 3, 4)",31.987750454239283,-7446.302580352698
"(3, 1, 0)","(2, 4, 4, 4)",2.527943483074375,-8261.541334332967
"(3, 1, 0)","(3, 1, 1, 4)",0.007714207165983114,-9701.165138611002
"(3, 1, 0)","(3, 1, 2, 4)",0.010530866639699129,-9861.876687712054
"(3, 1, 0)","(3, 1, 3, 4)",0.010743362187614541,-9860.650735301348
"(3, 1, 0)","(3, 1, 4, 4)",0.009890417922092318,-9862.085140211304
"(3, 1, 0)","(3, 2, 1, 4)",0.24728579622356336,-9174.563249698174
"(3, 1, 0)","(3, 2, 2, 4)",0.07824615322079347,-9272.596126157792
"(3, 1, 0)","(3, 2, 3, 4)",0.10811526086262283,-9270.485944027085
"(3, 1, 0)","(3, 2, 4, 4)",0.032180795897628275,-9701.190397806475
"(3, 1, 0)","(3, 3, 1, 4)",2.2953801758924115,-7813.353012521684
"(3, 1, 0)","(3, 3, 2, 4)",2.644412847572072,-8153.111270359322
"(3, 1, 0)","(3, 3, 3, 4)",2.7069608637632916,-8156.471870091086
"(3, 1, 0)","(3, 3, 4, 4)",1.342652519469923,-8176.349351736467
"(3, 1, 0)","(3, 4, 1, 4)",434.17861408819874,-7190.331518887562
"(3, 1, 0)","(3, 4, 2, 4)",26.30806531041079,-7556.427035994765
"(3, 1, 0)","(3, 4, 3, 4)",33.12809178695407,-7545.019985135257
"(3, 1, 0)","(3, 4, 4, 4)",8.103176540787844,-7663.1413870135775
"(3, 1, 1)","(0, 1, 1, 4)",0.010381336723141404,-9862.190898326759
"(3, 1, 1)","(0, 1, 2, 4)",0.010288630835410085,-9860.966606019616
"(3, 1, 1)","(0, 1, 3, 4)",0.01023173191984311,-9860.376533776605
"(3, 1, 1)","(0, 1, 4, 4)",0.010715200309301657,-9856.274856264052
"(3, 1, 1)","(0, 2, 1, 4)",0.028792955350899783,-8802.034515811058
"(3, 1, 1)","(0, 2, 2, 4)",0.012361086330956866,-9770.524265102611
"(3, 1, 1)","(0, 2, 3, 4)",0.015634888992404002,-9767.21332380813
"(3, 1, 1)","(0, 2, 4, 4)",0.01486177963334549,-9752.391627772333
"(3, 1, 1)","(0, 3, 1, 4)",5.745673875259469,-7434.521634495094
"(3, 1, 1)","(0, 3, 2, 4)",0.3823740613151285,-8475.931247586643
"(3, 1, 1)","(0, 3, 3, 4)",0.46583907765739535,-8551.109989961162
"(3, 1, 1)","(0, 3, 4, 4)",0.6742295493806465,-8668.367909488876
"(3, 1, 1)","(0, 4, 1, 4)",55.368170669833276,-7223.71893761727
"(3, 1, 1)","(0, 4, 2, 4)",1.860982125965164,-8359.750629869019
"(3, 1, 1)","(0, 4, 3, 4)",0.7771139131411384,-8276.243312530265
"(3, 1, 1)","(0, 4, 4, 4)",2.2734885848491646,-8332.799369918754
"(3, 1, 1)","(1, 1, 1, 4)",0.009969870373153502,-9860.64339905263
"(3, 1, 1)","(1, 1, 2, 4)",0.009755140591945197,-9860.847945465322
"(3, 1, 1)","(1, 1, 3, 4)",0.010388389089397381,-9860.56495172767
"(3, 1, 1)","(1, 1, 4, 4)",0.010428719855624987,-9861.892392056961
"(3, 1, 1)","(1, 2, 1, 4)",0.0299614422060987,-9125.415172806002
"(3, 1, 1)","(1, 2, 2, 4)",0.019738459972753353,-9700.852849829555
"(3, 1, 1)","(1, 2, 3, 4)",0.15563726623040827,-9593.362575621628
"(3, 1, 1)","(1, 2, 4, 4)",0.018445890048161655,-9760.890297251408
"(3, 1, 1)","(1, 3, 1, 4)",6.586819885448475,-8029.615610218459
"(3, 1, 1)","(1, 3, 2, 4)",4.498609122881588,-8070.214080042587
"(3, 1, 1)","(1, 3, 3, 4)",0.40204021097890213,-8626.306878569192
"(3, 1, 1)","(1, 3, 4, 4)",0.4192899589577473,-8604.509925533992
"(3, 1, 1)","(1, 4, 1, 4)",33.40695406144662,-7519.754593605829
"(3, 1, 1)","(1, 4, 2, 4)",31.328199552911098,-7642.255703917217
"(3, 1, 1)","(1, 4, 3, 4)",3.114526210997318,-8230.27670251096
"(3, 1, 1)","(1, 4, 4, 4)",3.4819080864434495,-8190.509469068314
"(3, 1, 1)","(2, 1, 1, 4)",0.00997618845966465,-9858.559076427204
"(3, 1, 1)","(2, 1, 2, 4)",0.010349607318032287,-9860.076365723557
"(3, 1, 1)","(2, 1, 3, 4)",0.010538592324620608,-9857.291659160348
"(3, 1, 1)","(2, 1, 4, 4)",0.010543068804008172,-9858.930236542375
"(3, 1, 1)","(2, 2, 1, 4)",0.07728103398138478,-9275.933282151662
"(3, 1, 1)","(2, 2, 2, 4)",0.038298082380884266,-9073.229767277186
"(3, 1, 1)","(2, 2, 3, 4)",0.034210283887279966,-9673.806223178926
"(3, 1, 1)","(2, 2, 4, 4)",0.028134235163217457,-9733.913443997535
"(3, 1, 1)","(2, 3, 1, 4)",2.8254419280415117,-8130.9039590004995
"(3, 1, 1)","(2, 3, 2, 4)",2.641038740916725,-8149.305042140489
"(3, 1, 1)","(2, 3, 3, 4)",2.964224772619292,-8188.330904563249
"(3, 1, 1)","(2, 3, 4, 4)",0.432961122296858,-8656.747777988956
"(3, 1, 1)","(2, 4, 1, 4)",35.46541882652403,-7509.475501271144
"(3, 1, 1)","(2, 4, 2, 4)",33.888310589125254,-7546.005814449733
"(3, 1, 1)","(2, 4, 3, 4)",26.42275429885702,-7663.097930878551
"(3, 1, 1)","(2, 4, 4, 4)",3.1751406278610124,-8242.296107401853
"(3, 1, 1)","(3, 1, 1, 4)",0.017533317219718493,-9607.97913498773
"(3, 1, 1)","(3, 1, 2, 4)",0.011137289169672576,-9859.814874490043
"(3, 1, 1)","(3, 1, 3, 4)",0.010826360608189001,-9858.626586654747
"(3, 1, 1)","(3, 1, 4, 4)",0.010339446419517537,-9858.481491546903
"(3, 1, 1)","(3, 2, 1, 4)",0.23390973635735354,-9174.242456455664
"(3, 1, 1)","(3, 2, 2, 4)",0.07780404936826857,-9267.603969686832
"(3, 1, 1)","(3, 2, 3, 4)",0.1805002758468514,-9218.175948836402
"(3, 1, 1)","(3, 2, 4, 4)",0.0393033410872554,-9619.043863049554
"(3, 1, 1)","(3, 3, 1, 4)",17.27895537875949,-7464.720083225562
"(3, 1, 1)","(3, 3, 2, 4)",2.535909837877012,-8149.2207693353575
"(3, 1, 1)","(3, 3, 3, 4)",2.727579427821046,-8149.292236229895
"(3, 1, 1)","(3, 3, 4, 4)",1.258915820169404,-8215.930376280714
"(3, 1, 1)","(3, 4, 1, 4)",451.15370571671747,-6784.554606106231
"(3, 1, 1)","(3, 4, 2, 4)",22.368626586252514,-7581.868517749723
"(3, 1, 1)","(3, 4, 3, 4)",33.072906069411104,-7543.444692241799
"(3, 1, 1)","(3, 4, 4, 4)",9.524749660776187,-7691.856927099716
"(3, 1, 2)","(0, 1, 1, 4)",0.010517629640871825,-9859.515052070332
"(3, 1, 2)","(0, 1, 2, 4)",0.010506569425152597,-9858.015424028765
"(3, 1, 2)","(0, 1, 3, 4)",0.011028152687269139,-9857.02053703821
"(3, 1, 2)","(0, 1, 4, 4)",0.013257432177153089,-9855.036994189959
"(3, 1, 2)","(0, 2, 1, 4)",0.01050159802202178,-9005.118565956578
"(3, 1, 2)","(0, 2, 2, 4)",0.013972315170735536,-9757.916545575494
"(3, 1, 2)","(0, 2, 3, 4)",0.015593079024937045,-9760.878717930113
"(3, 1, 2)","(0, 2, 4, 4)",0.01542857344693641,-9757.71114515229
"(3, 1, 2)","(0, 3, 1, 4)",0.25128852602587615,-7704.086151535177
"(3, 1, 2)","(0, 3, 2, 4)",0.38333455270097705,-8498.576795663845
"(3, 1, 2)","(0, 3, 3, 4)",0.20691752420933276,-8637.284803051554
"(3, 1, 2)","(0, 3, 4, 4)",0.2269602722298746,-8804.11128380799
"(3, 1, 2)","(0, 4, 1, 4)",5.316124723723344,-7436.3661452024
"(3, 1, 2)","(0, 4, 2, 4)",0.8148175060988387,-8378.945122462994
"(3, 1, 2)","(0, 4, 3, 4)",inf,inf
"(3, 1, 2)","(0, 4, 4, 4)",1.8465233520392796,-8338.512677959367
"(3, 1, 2)","(1, 1, 1, 4)",0.010446328489422233,-9858.954340790151
"(3, 1, 2)","(1, 1, 2, 4)",0.009869805837196434,-9858.408159956742
"(3, 1, 2)","(1, 1, 3, 4)",0.010233791926013385,-9859.192089457882
"(3, 1, 2)","(1, 1, 4, 4)",0.010340388519548238,-9859.808698020332
"(3, 1, 2)","(1, 2, 1, 4)",0.020289375517257662,-9171.307661770441
"(3, 1, 2)","(1, 2, 2, 4)",0.010697578853430595,-9403.213307019943
"(3, 1, 2)","(1, 2, 3, 4)",0.015121925513379864,-9657.509776599964
"(3, 1, 2)","(1, 2, 4, 4)",0.012106740178213605,-9753.612913149816
"(3, 1, 2)","(1, 3, 1, 4)",3.6702971824324706,-8079.49474069665
"(3, 1, 2)","(1, 3, 2, 4)",2.852945560273934,-8051.257449961928
"(3, 1, 2)","(1, 3, 3, 4)",0.44344743468127684,-8607.208907765342
"(3, 1, 2)","(1, 3, 4, 4)",0.40316221329118773,-8674.830609641158
"(3, 1, 2)","(1, 4, 1, 4)",38.05716267222765,-7515.498644048612
"(3, 1, 2)","(1, 4, 2, 4)",7.014821010971917,-7799.7623928992925
"(3, 1, 2)","(1, 4, 3, 4)",2.5348115194123624,-8321.135567128902
"(3, 1, 2)","(1, 4, 4, 4)",1.9845625600413797,-8104.718650548713
"(3, 1, 2)","(2, 1, 1, 4)",0.013890285723976192,-9854.270963206172
"(3, 1, 2)","(2, 1, 2, 4)",0.010161225846047816,-9857.996160767058
"(3, 1, 2)","(2, 1, 3, 4)",0.010690963360807387,-9855.22373967988
"(3, 1, 2)","(2, 1, 4, 4)",0.01052715453695121,-9856.949446647408
"(3, 1, 2)","(2, 2, 1, 4)",0.05969580675968682,-9292.039109845407
"(3, 1, 2)","(2, 2, 2, 4)",0.028519447992286173,-9121.686938208275
"(3, 1, 2)","(2, 2, 3, 4)",0.013982354921073973,-9693.543728992143
"(3, 1, 2)","(2, 2, 4, 4)",0.01638025972205554,-9765.349065130333
"(3, 1, 2)","(2, 3, 1, 4)",3.2039128205116993,-8120.571672366791
"(3, 1, 2)","(2, 3, 2, 4)",2.8005280641000887,-8137.999189886626
"(3, 1, 2)","(2, 3, 3, 4)",1.593604012569197,-8129.024538184951
"(3, 1, 2)","(2, 3, 4, 4)",0.43186383266068634,-8642.690254923034
"(3, 1, 2)","(2, 4, 1, 4)",30.14294191733743,-7567.374279562646
"(3, 1, 2)","(2, 4, 2, 4)",32.3387804188184,-7545.299548201566
"(3, 1, 2)","(2, 4, 3, 4)",46.53130277331784,-7609.296478147327
"(3, 1, 2)","(2, 4, 4, 4)",2.065550922667025,-8268.58903338917
"(3, 1, 2)","(3, 1, 1, 4)",0.012895519921508511,-9668.064255081654
"(3, 1, 2)","(3, 1, 2, 4)",0.010268706555212339,-9858.097526696418
"(3, 1, 2)","(3, 1, 3, 4)",0.01086729717475712,-9856.670771570029
"(3, 1, 2)","(3, 1, 4, 4)",0.009973119275386825,-9818.606245172896
"(3, 1, 2)","(3, 2, 1, 4)",0.13995706467494767,-9228.37894575339
"(3, 1, 2)","(3, 2, 2, 4)",0.07052176537236651,-9284.288976495074
"(3, 1, 2)","(3, 2, 3, 4)",0.028018220695429263,-9563.121929724812
"(3, 1, 2)","(3, 2, 4, 4)",0.033061019978417795,-9664.069263086287
"(3, 1, 2)","(3, 3, 1, 4)",60.86943121514217,-7580.9414650276685
"(3, 1, 2)","(3, 3, 2, 4)",2.700623676991522,-8128.363272389566
"(3, 1, 2)","(3, 3, 3, 4)",2.574527875666746,-8149.984205057362
"(3, 1, 2)","(3, 3, 4, 4)",2.671895323352495,-8145.232562925509
"(3, 1, 2)","(3, 4, 1, 4)",468.3387074042486,-6694.352023415265
"(3, 1, 2)","(3, 4, 2, 4)",23.260300543857742,-7570.202188492165
"(3, 1, 2)","(3, 4, 3, 4)",33.12072742260217,-7542.714501652736
"(3, 1, 2)","(3, 4, 4, 4)",37.3769601527852,-7607.539511177693
