Order,Seasonal_Order,Score
"(0, 0, 0)","(0, 0, 0, 4)",34.06036527486527
"(0, 0, 0)","(0, 0, 1, 4)",25.573770972343333
"(0, 0, 0)","(0, 0, 2, 4)",18.517389727612915
"(0, 0, 0)","(0, 0, 3, 4)",12.29698287930905
"(0, 0, 0)","(0, 1, 0, 4)",0.005542993206449768
"(0, 0, 0)","(0, 1, 1, 4)",0.00553662839029725
"(0, 0, 0)","(0, 1, 2, 4)",0.005538253861705581
"(0, 0, 0)","(0, 1, 3, 4)",0.0052250732575408725
"(0, 0, 0)","(0, 2, 0, 4)",0.009800991037789584
"(0, 0, 0)","(0, 2, 1, 4)",0.005810432257656119
"(0, 0, 0)","(0, 2, 2, 4)",0.005794261367893671
"(0, 0, 0)","(0, 2, 3, 4)",0.005417052451500685
"(0, 0, 0)","(0, 3, 0, 4)",0.040112186592029773
"(0, 0, 0)","(0, 3, 1, 4)",0.016396878038328157
"(0, 0, 0)","(0, 3, 2, 4)",0.018197964297117546
"(0, 0, 0)","(0, 3, 3, 4)",0.013683586776378192
"(0, 0, 0)","(1, 0, 0, 4)",0.005536923383384265
"(0, 0, 0)","(1, 0, 1, 4)",0.005527649158764379
"(0, 0, 0)","(1, 0, 2, 4)",0.005551619518013575
"(0, 0, 0)","(1, 0, 3, 4)",0.005251224569693677
"(0, 0, 0)","(1, 1, 0, 4)",0.005536839250265277
"(0, 0, 0)","(1, 1, 1, 4)",0.005535075755594308
"(0, 0, 0)","(1, 1, 2, 4)",0.005732090928113044
"(0, 0, 0)","(1, 1, 3, 4)",0.004345225407644922
"(0, 0, 0)","(1, 2, 0, 4)",0.005826519996571311
"(0, 0, 0)","(1, 2, 1, 4)",0.005757483415741971
"(0, 0, 0)","(1, 2, 2, 4)",0.005684639287208033
"(0, 0, 0)","(1, 2, 3, 4)",0.005335868084587681
"(0, 0, 0)","(1, 3, 0, 4)",0.032650533261724866
"(0, 0, 0)","(1, 3, 1, 4)",0.018612788255800157
"(0, 0, 0)","(1, 3, 2, 4)",0.01721533460627151
"(0, 0, 0)","(1, 3, 3, 4)",0.014303115675908478
"(0, 0, 0)","(2, 0, 0, 4)",0.005644394748009379
"(0, 0, 0)","(2, 0, 1, 4)",0.005564925584621213
"(0, 0, 0)","(2, 0, 2, 4)",0.005536303678539902
"(0, 0, 0)","(2, 0, 3, 4)",0.005745858992817122
"(0, 0, 0)","(2, 1, 0, 4)",0.0055394612586305075
"(0, 0, 0)","(2, 1, 1, 4)",0.005530206505578372
"(0, 0, 0)","(2, 1, 2, 4)",0.005852453038978559
"(0, 0, 0)","(2, 1, 3, 4)",0.005443005695677693
"(0, 0, 0)","(2, 2, 0, 4)",0.005794045441034136
"(0, 0, 0)","(2, 2, 1, 4)",0.00538968454308614
"(0, 0, 0)","(2, 2, 2, 4)",0.0052541023237326154
"(0, 0, 0)","(2, 2, 3, 4)",0.005833540349052835
"(0, 0, 0)","(2, 3, 0, 4)",0.03298452573181233
"(0, 0, 0)","(2, 3, 1, 4)",0.01824304003045348
"(0, 0, 0)","(2, 3, 2, 4)",0.01752061735098575
"(0, 0, 0)","(2, 3, 3, 4)",0.016529847490337323
"(0, 0, 0)","(3, 0, 0, 4)",0.004189237291524743
"(0, 0, 0)","(3, 0, 1, 4)",0.006086393225305076
"(0, 0, 0)","(3, 0, 2, 4)",0.00550867926747896
"(0, 0, 0)","(3, 0, 3, 4)",0.005480601586322036
"(0, 0, 0)","(3, 1, 0, 4)",0.005190878436676394
"(0, 0, 0)","(3, 1, 1, 4)",0.004319624851647278
"(0, 0, 0)","(3, 1, 2, 4)",0.0053177569100401265
"(0, 0, 0)","(3, 1, 3, 4)",0.00545060716437053
"(0, 0, 0)","(3, 2, 0, 4)",0.006850708639819775
"(0, 0, 0)","(3, 2, 1, 4)",0.0055747674826615206
"(0, 0, 0)","(3, 2, 2, 4)",0.005328918197649879
"(0, 0, 0)","(3, 2, 3, 4)",0.005428141615371747
"(0, 0, 0)","(3, 3, 0, 4)",0.031515939929057234
"(0, 0, 0)","(3, 3, 1, 4)",0.009072761731602888
"(0, 0, 0)","(3, 3, 2, 4)",0.010075513806380217
"(0, 0, 0)","(3, 3, 3, 4)",0.011899026746219963
"(0, 0, 1)","(0, 0, 0, 4)",31.938570491183942
"(0, 0, 1)","(0, 0, 1, 4)",23.897229699707477
"(0, 0, 1)","(0, 0, 2, 4)",16.83296087373783
"(0, 0, 1)","(0, 0, 3, 4)",10.792773708914591
"(0, 0, 1)","(0, 1, 0, 4)",0.004927710509144143
"(0, 0, 1)","(0, 1, 1, 4)",0.0051211737228036135
"(0, 0, 1)","(0, 1, 2, 4)",0.0055270931695063415
"(0, 0, 1)","(0, 1, 3, 4)",0.005570668352694587
"(0, 0, 1)","(0, 2, 0, 4)",0.012569228771785308
"(0, 0, 1)","(0, 2, 1, 4)",0.005113270334609054
"(0, 0, 1)","(0, 2, 2, 4)",0.005285280761356331
"(0, 0, 1)","(0, 2, 3, 4)",0.005882223057023675
"(0, 0, 1)","(0, 3, 0, 4)",0.06138838654752258
"(0, 0, 1)","(0, 3, 1, 4)",0.015634888838489097
"(0, 0, 1)","(0, 3, 2, 4)",0.01695716595542992
"(0, 0, 1)","(0, 3, 3, 4)",0.010204649899005028
"(0, 0, 1)","(1, 0, 0, 4)",0.0050467256827300185
"(0, 0, 1)","(1, 0, 1, 4)",0.0049883222071937326
"(0, 0, 1)","(1, 0, 2, 4)",0.005033164718325179
"(0, 0, 1)","(1, 0, 3, 4)",0.0050371550023577075
"(0, 0, 1)","(1, 1, 0, 4)",0.005023840547257193
"(0, 0, 1)","(1, 1, 1, 4)",0.005608133264230009
"(0, 0, 1)","(1, 1, 2, 4)",0.005516098863811275
"(0, 0, 1)","(1, 1, 3, 4)",0.005560539311358259
"(0, 0, 1)","(1, 2, 0, 4)",0.0040204545411095536
"(0, 0, 1)","(1, 2, 1, 4)",0.005250983089129085
"(0, 0, 1)","(1, 2, 2, 4)",0.005026924737097588
"(0, 0, 1)","(1, 2, 3, 4)",0.005260842748620357
"(0, 0, 1)","(1, 3, 0, 4)",0.031153044741723118
"(0, 0, 1)","(1, 3, 1, 4)",0.01732035465700551
"(0, 0, 1)","(1, 3, 2, 4)",0.016924918492715567
"(0, 0, 1)","(1, 3, 3, 4)",0.015359800855453873
"(0, 0, 1)","(2, 0, 0, 4)",0.004893765913139408
"(0, 0, 1)","(2, 0, 1, 4)",0.00485959074074927
"(0, 0, 1)","(2, 0, 2, 4)",0.0048017826423936965
"(0, 0, 1)","(2, 0, 3, 4)",0.005107049530354959
"(0, 0, 1)","(2, 1, 0, 4)",0.005277597761367736
"(0, 0, 1)","(2, 1, 1, 4)",0.005426010171452228
"(0, 0, 1)","(2, 1, 2, 4)",0.005524327007357346
"(0, 0, 1)","(2, 1, 3, 4)",0.005687338180171797
"(0, 0, 1)","(2, 2, 0, 4)",0.005107307261940144
"(0, 0, 1)","(2, 2, 1, 4)",0.00495441130628088
"(0, 0, 1)","(2, 2, 2, 4)",0.005134750922999953
"(0, 0, 1)","(2, 2, 3, 4)",0.004918944997794446
"(0, 0, 1)","(2, 3, 0, 4)",0.03187184097046777
"(0, 0, 1)","(2, 3, 1, 4)",0.017892429390515177
"(0, 0, 1)","(2, 3, 2, 4)",0.016921673063685798
"(0, 0, 1)","(2, 3, 3, 4)",0.016444758149455414
"(0, 0, 1)","(3, 0, 0, 4)",0.005205398958166784
"(0, 0, 1)","(3, 0, 1, 4)",0.005024777107857438
"(0, 0, 1)","(3, 0, 2, 4)",0.004967344063211887
"(0, 0, 1)","(3, 0, 3, 4)",0.004912315478024714
"(0, 0, 1)","(3, 1, 0, 4)",0.005563550591340819
"(0, 0, 1)","(3, 1, 1, 4)",0.005615113736627165
"(0, 0, 1)","(3, 1, 2, 4)",0.005582418148286692
"(0, 0, 1)","(3, 1, 3, 4)",0.004859605699585217
"(0, 0, 1)","(3, 2, 0, 4)",0.006637350551501928
"(0, 0, 1)","(3, 2, 1, 4)",0.00498265266484982
"(0, 0, 1)","(3, 2, 2, 4)",0.00445263739549442
"(0, 0, 1)","(3, 2, 3, 4)",0.005157807408711545
"(0, 0, 1)","(3, 3, 0, 4)",0.03179653171332863
"(0, 0, 1)","(3, 3, 1, 4)",0.007622513498516653
"(0, 0, 1)","(3, 3, 2, 4)",0.016000702073857342
"(0, 0, 1)","(3, 3, 3, 4)",0.016859441597414843
"(0, 0, 2)","(0, 0, 0, 4)",29.962441744742932
"(0, 0, 2)","(0, 0, 1, 4)",22.204475446913094
"(0, 0, 2)","(0, 0, 2, 4)",14.84857382251071
"(0, 0, 2)","(0, 0, 3, 4)",8.992625940865505
"(0, 0, 2)","(0, 1, 0, 4)",0.00497194175503392
"(0, 0, 2)","(0, 1, 1, 4)",0.0060876456526593094
"(0, 0, 2)","(0, 1, 2, 4)",0.005461366093451959
"(0, 0, 2)","(0, 1, 3, 4)",0.005009473598327002
"(0, 0, 2)","(0, 2, 0, 4)",0.012043882134654169
"(0, 0, 2)","(0, 2, 1, 4)",0.0049785028942758835
"(0, 0, 2)","(0, 2, 2, 4)",0.005724860844284969
"(0, 0, 2)","(0, 2, 3, 4)",0.005672313744596718
"(0, 0, 2)","(0, 3, 0, 4)",0.058378562034634096
"(0, 0, 2)","(0, 3, 1, 4)",0.015169026328603263
"(0, 0, 2)","(0, 3, 2, 4)",0.004563161478090041
"(0, 0, 2)","(0, 3, 3, 4)",0.010051355061548254
"(0, 0, 2)","(1, 0, 0, 4)",0.005066349615256299
"(0, 0, 2)","(1, 0, 1, 4)",0.00524213091178808
"(0, 0, 2)","(1, 0, 2, 4)",0.00511726111134483
"(0, 0, 2)","(1, 0, 3, 4)",0.004712115421801123
"(0, 0, 2)","(1, 1, 0, 4)",0.005299894425195938
"(0, 0, 2)","(1, 1, 1, 4)",0.005650549500997702
"(0, 0, 2)","(1, 1, 2, 4)",0.005664710174946059
"(0, 0, 2)","(1, 1, 3, 4)",0.005094292359633889
"(0, 0, 2)","(1, 2, 0, 4)",0.006558607016585503
"(0, 0, 2)","(1, 2, 1, 4)",0.005537795536206071
"(0, 0, 2)","(1, 2, 2, 4)",0.0044344872580606666
"(0, 0, 2)","(1, 2, 3, 4)",0.004280013667169681
"(0, 0, 2)","(1, 3, 0, 4)",0.033699454048548697
"(0, 0, 2)","(1, 3, 1, 4)",0.02016926578395233
"(0, 0, 2)","(1, 3, 2, 4)",0.019083347827751597
"(0, 0, 2)","(1, 3, 3, 4)",0.01909840080084314
"(0, 0, 2)","(2, 0, 0, 4)",0.006498906694511195
"(0, 0, 2)","(2, 0, 1, 4)",0.0048420027621172475
"(0, 0, 2)","(2, 0, 2, 4)",0.006507001705306002
"(0, 0, 2)","(2, 0, 3, 4)",1.0
"(0, 0, 2)","(2, 1, 0, 4)",0.005485512635058944
"(0, 0, 2)","(2, 1, 1, 4)",0.005709891405507146
"(0, 0, 2)","(2, 1, 2, 4)",0.005389970446917786
"(0, 0, 2)","(2, 1, 3, 4)",0.005133565986046892
"(0, 0, 2)","(2, 2, 0, 4)",0.006324469212024918
"(0, 0, 2)","(2, 2, 1, 4)",0.004811055307093292
"(0, 0, 2)","(2, 2, 2, 4)",0.005248712251234316
"(0, 0, 2)","(2, 2, 3, 4)",0.0040261821802139485
"(0, 0, 2)","(2, 3, 0, 4)",0.03664015650092233
"(0, 0, 2)","(2, 3, 1, 4)",0.01859914494565886
"(0, 0, 2)","(2, 3, 2, 4)",0.019020725092977107
"(0, 0, 2)","(2, 3, 3, 4)",0.018156736555393634
"(0, 0, 2)","(3, 0, 0, 4)",0.005578855229862239
"(0, 0, 2)","(3, 0, 1, 4)",0.005542931058712041
"(0, 0, 2)","(3, 0, 2, 4)",0.0044469084221162355
"(0, 0, 2)","(3, 0, 3, 4)",0.0067034552509973614
"(0, 0, 2)","(3, 1, 0, 4)",0.005453538474965635
"(0, 0, 2)","(3, 1, 1, 4)",0.005374205430844299
"(0, 0, 2)","(3, 1, 2, 4)",0.005397469762305669
"(0, 0, 2)","(3, 1, 3, 4)",0.005222312725787267
"(0, 0, 2)","(3, 2, 0, 4)",0.007868487754278355
"(0, 0, 2)","(3, 2, 1, 4)",0.0046670086588961835
"(0, 0, 2)","(3, 2, 2, 4)",0.005741520853636143
"(0, 0, 2)","(3, 2, 3, 4)",0.005036476874655665
"(0, 0, 2)","(3, 3, 0, 4)",0.03809391240445585
"(0, 0, 2)","(3, 3, 1, 4)",0.015881765680232685
"(0, 0, 2)","(3, 3, 2, 4)",0.019221409675508127
"(0, 0, 2)","(3, 3, 3, 4)",0.01951587660244693
"(0, 1, 0)","(0, 0, 0, 4)",0.0039597139362455595
"(0, 1, 0)","(0, 0, 1, 4)",0.0039022405829264722
"(0, 1, 0)","(0, 0, 2, 4)",0.003944378091496748
"(0, 1, 0)","(0, 0, 3, 4)",0.0038006659030412338
"(0, 1, 0)","(0, 1, 0, 4)",0.014436720397162928
"(0, 1, 0)","(0, 1, 1, 4)",0.004101614807364496
"(0, 1, 0)","(0, 1, 2, 4)",0.00403749099550067
"(0, 1, 0)","(0, 1, 3, 4)",0.004084879139092459
"(0, 1, 0)","(0, 2, 0, 4)",0.2695311334669563
"(0, 1, 0)","(0, 2, 1, 4)",0.014481577196119175
"(0, 1, 0)","(0, 2, 2, 4)",0.003378637049533226
"(0, 1, 0)","(0, 2, 3, 4)",0.002945716896149965
"(0, 1, 0)","(0, 3, 0, 4)",0.7346482652357303
"(0, 1, 0)","(0, 3, 1, 4)",0.07528656338250002
"(0, 1, 0)","(0, 3, 2, 4)",0.01484646983157313
"(0, 1, 0)","(0, 3, 3, 4)",0.015757586815015354
"(0, 1, 0)","(1, 0, 0, 4)",0.003898716456567064
"(0, 1, 0)","(1, 0, 1, 4)",0.003921929548447024
"(0, 1, 0)","(1, 0, 2, 4)",0.003940387265489072
"(0, 1, 0)","(1, 0, 3, 4)",0.0038638887918823793
"(0, 1, 0)","(1, 1, 0, 4)",0.0032822117671689128
"(0, 1, 0)","(1, 1, 1, 4)",0.004044224738946068
"(0, 1, 0)","(1, 1, 2, 4)",0.004206633384056165
"(0, 1, 0)","(1, 1, 3, 4)",0.0040819097785537274
"(0, 1, 0)","(1, 2, 0, 4)",0.07066510992436863
"(0, 1, 0)","(1, 2, 1, 4)",0.003287509714115644
"(0, 1, 0)","(1, 2, 2, 4)",0.002975879958605195
"(0, 1, 0)","(1, 2, 3, 4)",0.0034107042288724298
"(0, 1, 0)","(1, 3, 0, 4)",0.1934346465653331
"(0, 1, 0)","(1, 3, 1, 4)",0.027178664590649326
"(0, 1, 0)","(1, 3, 2, 4)",0.02595649895681455
"(0, 1, 0)","(1, 3, 3, 4)",0.0163323994233449
"(0, 1, 0)","(2, 0, 0, 4)",0.003939875469548513
"(0, 1, 0)","(2, 0, 1, 4)",0.003946385177601165
"(0, 1, 0)","(2, 0, 2, 4)",0.003994495612878752
"(0, 1, 0)","(2, 0, 3, 4)",0.00382890987978131
"(0, 1, 0)","(2, 1, 0, 4)",0.003996091418932693
"(0, 1, 0)","(2, 1, 1, 4)",0.004086586237840646
"(0, 1, 0)","(2, 1, 2, 4)",0.004123363919403318
"(0, 1, 0)","(2, 1, 3, 4)",0.004015055362396151
"(0, 1, 0)","(2, 2, 0, 4)",0.03507128377050125
"(0, 1, 0)","(2, 2, 1, 4)",0.003997390438122434
"(0, 1, 0)","(2, 2, 2, 4)",0.0026555315886550223
"(0, 1, 0)","(2, 2, 3, 4)",0.0034386763098959382
"(0, 1, 0)","(2, 3, 0, 4)",0.11408985370476273
"(0, 1, 0)","(2, 3, 1, 4)",0.02639696776359739
"(0, 1, 0)","(2, 3, 2, 4)",0.027203499767152715
"(0, 1, 0)","(2, 3, 3, 4)",0.027620457608993627
"(0, 1, 0)","(3, 0, 0, 4)",0.0038342812376971048
"(0, 1, 0)","(3, 0, 1, 4)",0.003852288714933817
"(0, 1, 0)","(3, 0, 2, 4)",0.0037469312775856405
"(0, 1, 0)","(3, 0, 3, 4)",0.003598674297266777
"(0, 1, 0)","(3, 1, 0, 4)",0.004752654893975655
"(0, 1, 0)","(3, 1, 1, 4)",0.003940351339482232
"(0, 1, 0)","(3, 1, 2, 4)",0.0040982644182910085
"(0, 1, 0)","(3, 1, 3, 4)",0.004011509208469023
"(0, 1, 0)","(3, 2, 0, 4)",0.016276979131982106
"(0, 1, 0)","(3, 2, 1, 4)",0.00484328784127535
"(0, 1, 0)","(3, 2, 2, 4)",0.00398866877098313
"(0, 1, 0)","(3, 2, 3, 4)",0.00458508157538208
"(0, 1, 0)","(3, 3, 0, 4)",0.08823915253215878
"(0, 1, 0)","(3, 3, 1, 4)",0.02542349364947643
"(0, 1, 0)","(3, 3, 2, 4)",0.026461323660994455
"(0, 1, 0)","(3, 3, 3, 4)",0.02804032240165672
"(0, 1, 1)","(0, 0, 0, 4)",0.003986361662777933
"(0, 1, 1)","(0, 0, 1, 4)",0.003930164119564487
"(0, 1, 1)","(0, 0, 2, 4)",0.00397160414316386
"(0, 1, 1)","(0, 0, 3, 4)",0.0038245048473237037
"(0, 1, 1)","(0, 1, 0, 4)",0.01367332927676397
"(0, 1, 1)","(0, 1, 1, 4)",0.00412664736102389
"(0, 1, 1)","(0, 1, 2, 4)",0.004065352401065475
"(0, 1, 1)","(0, 1, 3, 4)",0.004120064482958393
"(0, 1, 1)","(0, 2, 0, 4)",0.24059438216796622
"(0, 1, 1)","(0, 2, 1, 4)",0.013710462580644572
"(0, 1, 1)","(0, 2, 2, 4)",0.003044795197844838
"(0, 1, 1)","(0, 2, 3, 4)",0.0029886599538874784
"(0, 1, 1)","(0, 3, 0, 4)",0.6524366944541897
"(0, 1, 1)","(0, 3, 1, 4)",0.06875539945495682
"(0, 1, 1)","(0, 3, 2, 4)",0.014981880304005607
"(0, 1, 1)","(0, 3, 3, 4)",0.01591311891720252
"(0, 1, 1)","(1, 0, 0, 4)",0.003926427664591176
"(0, 1, 1)","(1, 0, 1, 4)",0.003949292746070696
"(0, 1, 1)","(1, 0, 2, 4)",0.003996904668631686
"(0, 1, 1)","(1, 0, 3, 4)",0.003878678512046047
"(0, 1, 1)","(1, 1, 0, 4)",0.0034175390871563106
"(0, 1, 1)","(1, 1, 1, 4)",0.0040667427641719696
"(0, 1, 1)","(1, 1, 2, 4)",0.004204310386718485
"(0, 1, 1)","(1, 1, 3, 4)",0.0040872000779565015
"(0, 1, 1)","(1, 2, 0, 4)",0.07173755802967441
"(0, 1, 1)","(1, 2, 1, 4)",0.003434312842320583
"(0, 1, 1)","(1, 2, 2, 4)",0.0029851495578153324
"(0, 1, 1)","(1, 2, 3, 4)",0.003564429579729067
"(0, 1, 1)","(1, 3, 0, 4)",0.1905183673061523
"(0, 1, 1)","(1, 3, 1, 4)",0.027107800595895504
"(0, 1, 1)","(1, 3, 2, 4)",0.0271017707699212
"(0, 1, 1)","(1, 3, 3, 4)",0.015207239688544755
"(0, 1, 1)","(2, 0, 0, 4)",0.00396425785327958
"(0, 1, 1)","(2, 0, 1, 4)",0.003972992215557488
"(0, 1, 1)","(2, 0, 2, 4)",0.0040268280537570315
"(0, 1, 1)","(2, 0, 3, 4)",0.0038117226228454883
"(0, 1, 1)","(2, 1, 0, 4)",0.003925730314448423
"(0, 1, 1)","(2, 1, 1, 4)",0.00412073800724152
"(0, 1, 1)","(2, 1, 2, 4)",0.004125494193618932
"(0, 1, 1)","(2, 1, 3, 4)",0.004044734749157003
"(0, 1, 1)","(2, 2, 0, 4)",0.03584287277918915
"(0, 1, 1)","(2, 2, 1, 4)",0.003928796277257181
"(0, 1, 1)","(2, 2, 2, 4)",0.004015745437252277
"(0, 1, 1)","(2, 2, 3, 4)",0.003520935400711931
"(0, 1, 1)","(2, 3, 0, 4)",0.11619078879878326
"(0, 1, 1)","(2, 3, 1, 4)",0.02672543863720394
"(0, 1, 1)","(2, 3, 2, 4)",0.026898630633795956
"(0, 1, 1)","(2, 3, 3, 4)",0.026817366896110258
"(0, 1, 1)","(3, 0, 0, 4)",0.0038550600866677108
"(0, 1, 1)","(3, 0, 1, 4)",0.0038772417737857395
"(0, 1, 1)","(3, 0, 2, 4)",0.003579389905283282
"(0, 1, 1)","(3, 0, 3, 4)",0.003821800123007647
"(0, 1, 1)","(3, 1, 0, 4)",0.004702124798277414
"(0, 1, 1)","(3, 1, 1, 4)",0.004131494689912456
"(0, 1, 1)","(3, 1, 2, 4)",0.004029161576782946
"(0, 1, 1)","(3, 1, 3, 4)",0.004035808913086364
"(0, 1, 1)","(3, 2, 0, 4)",0.016149011964616062
"(0, 1, 1)","(3, 2, 1, 4)",0.004871750545618938
"(0, 1, 1)","(3, 2, 2, 4)",0.003916383653105313
"(0, 1, 1)","(3, 2, 3, 4)",0.003533455606721788
"(0, 1, 1)","(3, 3, 0, 4)",0.088145153195622
"(0, 1, 1)","(3, 3, 1, 4)",0.02640574393984569
"(0, 1, 1)","(3, 3, 2, 4)",0.02549802255278616
"(0, 1, 1)","(3, 3, 3, 4)",0.028021587890346346
"(0, 1, 2)","(0, 0, 0, 4)",0.004024304684464014
"(0, 1, 2)","(0, 0, 1, 4)",0.003972026036604911
"(0, 1, 2)","(0, 0, 2, 4)",0.0040038631403254725
"(0, 1, 2)","(0, 0, 3, 4)",0.003851676303108363
"(0, 1, 2)","(0, 1, 0, 4)",0.0018969941224685712
"(0, 1, 2)","(0, 1, 1, 4)",0.00415935961957308
"(0, 1, 2)","(0, 1, 2, 4)",0.004145817329575959
"(0, 1, 2)","(0, 1, 3, 4)",0.00414804934126492
"(0, 1, 2)","(0, 2, 0, 4)",0.012576121492338183
"(0, 1, 2)","(0, 2, 1, 4)",0.0018783189189660898
"(0, 1, 2)","(0, 2, 2, 4)",0.0030340730543003585
"(0, 1, 2)","(0, 2, 3, 4)",0.002991225165495323
"(0, 1, 2)","(0, 3, 0, 4)",0.0615693101315528
"(0, 1, 2)","(0, 3, 1, 4)",0.015573272639891531
"(0, 1, 2)","(0, 3, 2, 4)",0.01489259004168057
"(0, 1, 2)","(0, 3, 3, 4)",0.015267443213193043
"(0, 1, 2)","(1, 0, 0, 4)",0.0039697855155290925
"(0, 1, 2)","(1, 0, 1, 4)",0.003998690551661377
"(0, 1, 2)","(1, 0, 2, 4)",0.004010180332844731
"(0, 1, 2)","(1, 0, 3, 4)",0.0039118657738968195
"(0, 1, 2)","(1, 1, 0, 4)",0.003300108037164515
"(0, 1, 2)","(1, 1, 1, 4)",0.00410343599443206
"(0, 1, 2)","(1, 1, 2, 4)",0.004237629958797891
"(0, 1, 2)","(1, 1, 3, 4)",0.004119447447365373
"(0, 1, 2)","(1, 2, 0, 4)",0.0713380161300198
"(0, 1, 2)","(1, 2, 1, 4)",0.0034842153321664763
"(0, 1, 2)","(1, 2, 2, 4)",0.003008260799365836
"(0, 1, 2)","(1, 2, 3, 4)",0.0028336207019405675
"(0, 1, 2)","(1, 3, 0, 4)",0.18784177937508753
"(0, 1, 2)","(1, 3, 1, 4)",0.027043226747371234
"(0, 1, 2)","(1, 3, 2, 4)",0.025008224775945227
"(0, 1, 2)","(1, 3, 3, 4)",0.01502811714923139
"(0, 1, 2)","(2, 0, 0, 4)",0.004007692652928895
"(0, 1, 2)","(2, 0, 1, 4)",0.004019695516287068
"(0, 1, 2)","(2, 0, 2, 4)",0.004064315013957586
"(0, 1, 2)","(2, 0, 3, 4)",0.003880124542685424
"(0, 1, 2)","(2, 1, 0, 4)",0.0038401809020513445
"(0, 1, 2)","(2, 1, 1, 4)",0.004101493553739207
"(0, 1, 2)","(2, 1, 2, 4)",0.004118598566240206
"(0, 1, 2)","(2, 1, 3, 4)",0.0040780258062652845
"(0, 1, 2)","(2, 2, 0, 4)",0.034972299566960956
"(0, 1, 2)","(2, 2, 1, 4)",0.0038455523891681095
"(0, 1, 2)","(2, 2, 2, 4)",0.003415671102481753
"(0, 1, 2)","(2, 2, 3, 4)",0.003953341192714503
"(0, 1, 2)","(2, 3, 0, 4)",0.11531491107280474
"(0, 1, 2)","(2, 3, 1, 4)",0.0280324786696561
"(0, 1, 2)","(2, 3, 2, 4)",0.026774142140737024
"(0, 1, 2)","(2, 3, 3, 4)",0.027998966212580745
"(0, 1, 2)","(3, 0, 0, 4)",0.003890994419085703
"(0, 1, 2)","(3, 0, 1, 4)",0.003912687146065715
"(0, 1, 2)","(3, 0, 2, 4)",0.003770627730746582
"(0, 1, 2)","(3, 0, 3, 4)",0.0036262977932469674
"(0, 1, 2)","(3, 1, 0, 4)",0.004599983561153494
"(0, 1, 2)","(3, 1, 1, 4)",0.0033573034182471178
"(0, 1, 2)","(3, 1, 2, 4)",0.0039015098185929365
"(0, 1, 2)","(3, 1, 3, 4)",0.004044980199211029
"(0, 1, 2)","(3, 2, 0, 4)",0.016047609154383947
"(0, 1, 2)","(3, 2, 1, 4)",0.0052966403778696635
"(0, 1, 2)","(3, 2, 2, 4)",0.003874108063522915
"(0, 1, 2)","(3, 2, 3, 4)",0.0034909496899699238
"(0, 1, 2)","(3, 3, 0, 4)",0.08778661221280519
"(0, 1, 2)","(3, 3, 1, 4)",0.03130983607427933
"(0, 1, 2)","(3, 3, 2, 4)",0.026324574476871653
"(0, 1, 2)","(3, 3, 3, 4)",0.027889779468651982
"(1, 0, 0)","(0, 0, 0, 4)",0.003956096003879604
"(1, 0, 0)","(0, 0, 1, 4)",0.0038992386969924873
"(1, 0, 0)","(0, 0, 2, 4)",0.003915576092600921
"(1, 0, 0)","(0, 0, 3, 4)",0.003809443704618655
"(1, 0, 0)","(0, 1, 0, 4)",0.006005968279238503
"(1, 0, 0)","(0, 1, 1, 4)",0.004280644896176073
"(1, 0, 0)","(0, 1, 2, 4)",0.003995450303176665
"(1, 0, 0)","(0, 1, 3, 4)",0.004184684041337694
"(1, 0, 0)","(0, 2, 0, 4)",0.02617726412848371
"(1, 0, 0)","(0, 2, 1, 4)",0.006336674887531068
"(1, 0, 0)","(0, 2, 2, 4)",0.0030604982590833616
"(1, 0, 0)","(0, 2, 3, 4)",0.0035239033080230768
"(1, 0, 0)","(0, 3, 0, 4)",0.07423642866498553
"(1, 0, 0)","(0, 3, 1, 4)",0.012886639537661526
"(1, 0, 0)","(0, 3, 2, 4)",0.006563589549434518
"(1, 0, 0)","(0, 3, 3, 4)",0.00877952455416752
"(1, 0, 0)","(1, 0, 0, 4)",0.003884255914397783
"(1, 0, 0)","(1, 0, 1, 4)",0.0038530965858925618
"(1, 0, 0)","(1, 0, 2, 4)",0.003829799000145885
"(1, 0, 0)","(1, 0, 3, 4)",0.0035854319590250565
"(1, 0, 0)","(1, 1, 0, 4)",0.003920860224411354
"(1, 0, 0)","(1, 1, 1, 4)",0.0038637009531343252
"(1, 0, 0)","(1, 1, 2, 4)",0.004081110048738633
"(1, 0, 0)","(1, 1, 3, 4)",0.003863660785584393
"(1, 0, 0)","(1, 2, 0, 4)",0.010146957463053134
"(1, 0, 0)","(1, 2, 1, 4)",0.004163037862437104
"(1, 0, 0)","(1, 2, 2, 4)",0.003491552157057953
"(1, 0, 0)","(1, 2, 3, 4)",0.003582599327035858
"(1, 0, 0)","(1, 3, 0, 4)",0.0402797062371761
"(1, 0, 0)","(1, 3, 1, 4)",0.028759622426693165
"(1, 0, 0)","(1, 3, 2, 4)",0.014467486039339316
"(1, 0, 0)","(1, 3, 3, 4)",0.008815148496891084
"(1, 0, 0)","(2, 0, 0, 4)",0.003552553673187153
"(1, 0, 0)","(2, 0, 1, 4)",0.0037748054128551346
"(1, 0, 0)","(2, 0, 2, 4)",0.003974269790551699
"(1, 0, 0)","(2, 0, 3, 4)",0.003786699497169698
"(1, 0, 0)","(2, 1, 0, 4)",0.0032297120522387403
"(1, 0, 0)","(2, 1, 1, 4)",0.00410252956407754
"(1, 0, 0)","(2, 1, 2, 4)",0.003981085126924118
"(1, 0, 0)","(2, 1, 3, 4)",0.0038767967857407993
"(1, 0, 0)","(2, 2, 0, 4)",0.005566621449482579
"(1, 0, 0)","(2, 2, 1, 4)",0.0027660436518837468
"(1, 0, 0)","(2, 2, 2, 4)",0.0038461854993219824
"(1, 0, 0)","(2, 2, 3, 4)",0.0030937747595942296
"(1, 0, 0)","(2, 3, 0, 4)",0.03334170602621491
"(1, 0, 0)","(2, 3, 1, 4)",0.014386286887583746
"(1, 0, 0)","(2, 3, 2, 4)",0.015197884690546032
"(1, 0, 0)","(2, 3, 3, 4)",0.014850456606269009
"(1, 0, 0)","(3, 0, 0, 4)",0.0030526031071935874
"(1, 0, 0)","(3, 0, 1, 4)",0.004265931348627604
"(1, 0, 0)","(3, 0, 2, 4)",1.0
"(1, 0, 0)","(3, 0, 3, 4)",0.0048517116580122695
"(1, 0, 0)","(3, 1, 0, 4)",0.0026577363104056963
"(1, 0, 0)","(3, 1, 1, 4)",0.004045688579289714
"(1, 0, 0)","(3, 1, 2, 4)",0.0038729389029311966
"(1, 0, 0)","(3, 1, 3, 4)",0.003810862365243896
"(1, 0, 0)","(3, 2, 0, 4)",0.005792953625228322
"(1, 0, 0)","(3, 2, 1, 4)",0.004115648587517611
"(1, 0, 0)","(3, 2, 2, 4)",0.003227978555982307
"(1, 0, 0)","(3, 2, 3, 4)",0.00381997242368326
"(1, 0, 0)","(3, 3, 0, 4)",0.03248338335953025
"(1, 0, 0)","(3, 3, 1, 4)",0.013650832041319946
"(1, 0, 0)","(3, 3, 2, 4)",0.01511477230928516
"(1, 0, 0)","(3, 3, 3, 4)",0.01548136196934305
"(1, 0, 1)","(0, 0, 0, 4)",0.003984820246364206
"(1, 0, 1)","(0, 0, 1, 4)",0.003914046621402005
"(1, 0, 1)","(0, 0, 2, 4)",0.004886195862565322
"(1, 0, 1)","(0, 0, 3, 4)",0.007949196570664407
"(1, 0, 1)","(0, 1, 0, 4)",0.00598438544965152
"(1, 0, 1)","(0, 1, 1, 4)",0.0038789304099800096
"(1, 0, 1)","(0, 1, 2, 4)",0.0038893528872592257
"(1, 0, 1)","(0, 1, 3, 4)",0.0039612727291799725
"(1, 0, 1)","(0, 2, 0, 4)",0.023996777764655423
"(1, 0, 1)","(0, 2, 1, 4)",0.006327506097582548
"(1, 0, 1)","(0, 2, 2, 4)",0.0030228356390502253
"(1, 0, 1)","(0, 2, 3, 4)",0.0032980820646552416
"(1, 0, 1)","(0, 3, 0, 4)",0.057694258786986675
"(1, 0, 1)","(0, 3, 1, 4)",0.013051072170047178
"(1, 0, 1)","(0, 3, 2, 4)",0.005742824072883079
"(1, 0, 1)","(0, 3, 3, 4)",0.015530037613738223
"(1, 0, 1)","(1, 0, 0, 4)",0.011147054681818872
"(1, 0, 1)","(1, 0, 1, 4)",0.004097044896393784
"(1, 0, 1)","(1, 0, 2, 4)",0.003545688322105106
"(1, 0, 1)","(1, 0, 3, 4)",0.003932228600756654
"(1, 0, 1)","(1, 1, 0, 4)",0.0039400302226785
"(1, 0, 1)","(1, 1, 1, 4)",0.003909955976098783
"(1, 0, 1)","(1, 1, 2, 4)",0.004019394016790771
"(1, 0, 1)","(1, 1, 3, 4)",0.004165530202519096
"(1, 0, 1)","(1, 2, 0, 4)",0.008940917162681467
"(1, 0, 1)","(1, 2, 1, 4)",0.004158664019670136
"(1, 0, 1)","(1, 2, 2, 4)",0.0021618609727161063
"(1, 0, 1)","(1, 2, 3, 4)",0.0035259383615213755
"(1, 0, 1)","(1, 3, 0, 4)",0.039524132364199785
"(1, 0, 1)","(1, 3, 1, 4)",0.016002557189870197
"(1, 0, 1)","(1, 3, 2, 4)",0.014445065401527252
"(1, 0, 1)","(1, 3, 3, 4)",0.011836981149210843
"(1, 0, 1)","(2, 0, 0, 4)",0.0033483643138232885
"(1, 0, 1)","(2, 0, 1, 4)",0.004174828707358797
"(1, 0, 1)","(2, 0, 2, 4)",0.0037559313175913244
"(1, 0, 1)","(2, 0, 3, 4)",0.002996448546243113
"(1, 0, 1)","(2, 1, 0, 4)",0.003179007012936063
"(1, 0, 1)","(2, 1, 1, 4)",0.0039855975676121435
"(1, 0, 1)","(2, 1, 2, 4)",0.004619217847448775
"(1, 0, 1)","(2, 1, 3, 4)",0.00409285118584532
"(1, 0, 1)","(2, 2, 0, 4)",0.005431049678336594
"(1, 0, 1)","(2, 2, 1, 4)",0.003546460932028009
"(1, 0, 1)","(2, 2, 2, 4)",0.0036999089367983065
"(1, 0, 1)","(2, 2, 3, 4)",0.0030951405189988054
"(1, 0, 1)","(2, 3, 0, 4)",0.033582065680449344
"(1, 0, 1)","(2, 3, 1, 4)",0.02001607560873818
"(1, 0, 1)","(2, 3, 2, 4)",0.015666740933117422
"(1, 0, 1)","(2, 3, 3, 4)",0.013709862672957415
"(1, 0, 1)","(3, 0, 0, 4)",0.003579317925783125
"(1, 0, 1)","(3, 0, 1, 4)",0.003540875055205503
"(1, 0, 1)","(3, 0, 2, 4)",0.003962097231802784
"(1, 0, 1)","(3, 0, 3, 4)",1.0
"(1, 0, 1)","(3, 1, 0, 4)",0.0025711332505647163
"(1, 0, 1)","(3, 1, 1, 4)",0.00367793128795287
"(1, 0, 1)","(3, 1, 2, 4)",0.0033654824502429826
"(1, 0, 1)","(3, 1, 3, 4)",0.004135997829140007
"(1, 0, 1)","(3, 2, 0, 4)",0.005821282891045605
"(1, 0, 1)","(3, 2, 1, 4)",0.003942476637013295
"(1, 0, 1)","(3, 2, 2, 4)",0.0029081473878597936
"(1, 0, 1)","(3, 2, 3, 4)",0.0032786804481386143
"(1, 0, 1)","(3, 3, 0, 4)",0.0316319537241319
"(1, 0, 1)","(3, 3, 1, 4)",0.012374284101490579
"(1, 0, 1)","(3, 3, 2, 4)",0.01554100622017952
"(1, 0, 1)","(3, 3, 3, 4)",0.015417145875968813
"(1, 0, 2)","(0, 0, 0, 4)",0.004021589769427006
"(1, 0, 2)","(0, 0, 1, 4)",0.003676165478641525
"(1, 0, 2)","(0, 0, 2, 4)",0.007901009304165183
"(1, 0, 2)","(0, 0, 3, 4)",0.004687690031530068
"(1, 0, 2)","(0, 1, 0, 4)",0.004233267509787777
"(1, 0, 2)","(0, 1, 1, 4)",0.003993734175136416
"(1, 0, 2)","(0, 1, 2, 4)",0.004064215311935503
"(1, 0, 2)","(0, 1, 3, 4)",0.003391408604446089
"(1, 0, 2)","(0, 2, 0, 4)",0.015248267048403586
"(1, 0, 2)","(0, 2, 1, 4)",0.004329978458119783
"(1, 0, 2)","(0, 2, 2, 4)",0.00186627438041247
"(1, 0, 2)","(0, 2, 3, 4)",0.003527257820937537
"(1, 0, 2)","(0, 3, 0, 4)",0.036765563869244386
"(1, 0, 2)","(0, 3, 1, 4)",0.015310367526801422
"(1, 0, 2)","(0, 3, 2, 4)",0.007069550792742893
"(1, 0, 2)","(0, 3, 3, 4)",0.00794367804421433
"(1, 0, 2)","(1, 0, 0, 4)",0.008405904356049898
"(1, 0, 2)","(1, 0, 1, 4)",0.0029501472325257523
"(1, 0, 2)","(1, 0, 2, 4)",0.002925759996263657
"(1, 0, 2)","(1, 0, 3, 4)",0.002225315247308978
"(1, 0, 2)","(1, 1, 0, 4)",0.00404153908593135
"(1, 0, 2)","(1, 1, 1, 4)",0.004011399534775044
"(1, 0, 2)","(1, 1, 2, 4)",0.0041502874809769595
"(1, 0, 2)","(1, 1, 3, 4)",0.004556490351619609
"(1, 0, 2)","(1, 2, 0, 4)",0.006807221147460782
"(1, 0, 2)","(1, 2, 1, 4)",0.00412496313436219
"(1, 0, 2)","(1, 2, 2, 4)",0.0032154209127187123
"(1, 0, 2)","(1, 2, 3, 4)",0.003504036030403471
"(1, 0, 2)","(1, 3, 0, 4)",0.036577335477854606
"(1, 0, 2)","(1, 3, 1, 4)",0.018848050110558137
"(1, 0, 2)","(1, 3, 2, 4)",0.014418247135681342
"(1, 0, 2)","(1, 3, 3, 4)",0.010522701841062135
"(1, 0, 2)","(2, 0, 0, 4)",0.0029154641202527023
"(1, 0, 2)","(2, 0, 1, 4)",0.0034736893266996477
"(1, 0, 2)","(2, 0, 2, 4)",0.004129804412775875
"(1, 0, 2)","(2, 0, 3, 4)",0.0036801645221059753
"(1, 0, 2)","(2, 1, 0, 4)",0.003279888389897353
"(1, 0, 2)","(2, 1, 1, 4)",0.0037358115637835193
"(1, 0, 2)","(2, 1, 2, 4)",0.00426571051487152
"(1, 0, 2)","(2, 1, 3, 4)",0.00499609280183067
"(1, 0, 2)","(2, 2, 0, 4)",0.005437997229359534
"(1, 0, 2)","(2, 2, 1, 4)",0.003392275443024498
"(1, 0, 2)","(2, 2, 2, 4)",0.0035642474976317054
"(1, 0, 2)","(2, 2, 3, 4)",0.0022052400965333705
"(1, 0, 2)","(2, 3, 0, 4)",0.03292583394018843
"(1, 0, 2)","(2, 3, 1, 4)",0.019168638650797758
"(1, 0, 2)","(2, 3, 2, 4)",0.01527464211236775
"(1, 0, 2)","(2, 3, 3, 4)",0.014150425207686257
"(1, 0, 2)","(3, 0, 0, 4)",0.003347803554048935
"(1, 0, 2)","(3, 0, 1, 4)",0.0033352133688500235
"(1, 0, 2)","(3, 0, 2, 4)",0.004466591087672091
"(1, 0, 2)","(3, 0, 3, 4)",1.0
"(1, 0, 2)","(3, 1, 0, 4)",0.0025889105679448533
"(1, 0, 2)","(3, 1, 1, 4)",0.0036597108955951758
"(1, 0, 2)","(3, 1, 2, 4)",0.0040539523000587534
"(1, 0, 2)","(3, 1, 3, 4)",0.004781889842054269
"(1, 0, 2)","(3, 2, 0, 4)",0.005894994097480697
"(1, 0, 2)","(3, 2, 1, 4)",0.0027341388013176144
"(1, 0, 2)","(3, 2, 2, 4)",0.0031817489180865272
"(1, 0, 2)","(3, 2, 3, 4)",0.003445018747190478
"(1, 0, 2)","(3, 3, 0, 4)",0.032918117897557914
"(1, 0, 2)","(3, 3, 1, 4)",0.015791670488786477
"(1, 0, 2)","(3, 3, 2, 4)",0.01649998522446937
"(1, 0, 2)","(3, 3, 3, 4)",0.01612946094418491
"(1, 1, 0)","(0, 0, 0, 4)",0.003984339770557485
"(1, 1, 0)","(0, 0, 1, 4)",0.003927026286111464
"(1, 1, 0)","(0, 0, 2, 4)",0.003968244737095617
"(1, 1, 0)","(0, 0, 3, 4)",0.003819155609828493
"(1, 1, 0)","(0, 1, 0, 4)",0.013743189287516128
"(1, 1, 0)","(0, 1, 1, 4)",0.004134432168225992
"(1, 1, 0)","(0, 1, 2, 4)",0.0040737365855722995
"(1, 1, 0)","(0, 1, 3, 4)",0.004119298194242516
"(1, 1, 0)","(0, 2, 0, 4)",0.24231584109659834
"(1, 1, 0)","(0, 2, 1, 4)",0.013786228123010696
"(1, 1, 0)","(0, 2, 2, 4)",0.0031737173952337923
"(1, 1, 0)","(0, 2, 3, 4)",0.002984114589273044
"(1, 1, 0)","(0, 3, 0, 4)",0.6569432459575018
"(1, 1, 0)","(0, 3, 1, 4)",0.06929457624135504
"(1, 1, 0)","(0, 3, 2, 4)",0.015045065751662529
"(1, 1, 0)","(0, 3, 3, 4)",0.01573432756908497
"(1, 1, 0)","(1, 0, 0, 4)",0.003923830072872655
"(1, 1, 0)","(1, 0, 1, 4)",0.003942208277218116
"(1, 1, 0)","(1, 0, 2, 4)",0.003963086304379684
"(1, 1, 0)","(1, 0, 3, 4)",0.0038773574704595885
"(1, 1, 0)","(1, 1, 0, 4)",0.0034246504073045343
"(1, 1, 0)","(1, 1, 1, 4)",0.004077208351215856
"(1, 1, 0)","(1, 1, 2, 4)",0.0042108907513110656
"(1, 1, 0)","(1, 1, 3, 4)",0.0038628130443074038
"(1, 1, 0)","(1, 2, 0, 4)",0.07165161269517839
"(1, 1, 0)","(1, 2, 1, 4)",0.0034123106221648214
"(1, 1, 0)","(1, 2, 2, 4)",0.003006094776875831
"(1, 1, 0)","(1, 2, 3, 4)",0.0034699265135916856
"(1, 1, 0)","(1, 3, 0, 4)",0.19095548278281205
"(1, 1, 0)","(1, 3, 1, 4)",0.02714756412517317
"(1, 1, 0)","(1, 3, 2, 4)",0.026552158991658182
"(1, 1, 0)","(1, 3, 3, 4)",0.01625474448097296
"(1, 1, 0)","(2, 0, 0, 4)",0.003961017592012029
"(1, 1, 0)","(2, 0, 1, 4)",0.003967499929971656
"(1, 1, 0)","(2, 0, 2, 4)",0.004018755037423072
"(1, 1, 0)","(2, 0, 3, 4)",0.0038545102089743094
"(1, 1, 0)","(2, 1, 0, 4)",0.003940556666902887
"(1, 1, 0)","(2, 1, 1, 4)",0.0041028642720194585
"(1, 1, 0)","(2, 1, 2, 4)",0.004119643309422874
"(1, 1, 0)","(2, 1, 3, 4)",0.00404768971136916
"(1, 1, 0)","(2, 2, 0, 4)",0.03593995907219273
"(1, 1, 0)","(2, 2, 1, 4)",0.003934656003374419
"(1, 1, 0)","(2, 2, 2, 4)",0.0034975499827669594
"(1, 1, 0)","(2, 2, 3, 4)",0.0034428810359518024
"(1, 1, 0)","(2, 3, 0, 4)",0.11637679006353492
"(1, 1, 0)","(2, 3, 1, 4)",0.026867177828024162
"(1, 1, 0)","(2, 3, 2, 4)",0.02690977670913136
"(1, 1, 0)","(2, 3, 3, 4)",0.02621815597861719
"(1, 1, 0)","(3, 0, 0, 4)",0.003854144797602421
"(1, 1, 0)","(3, 0, 1, 4)",0.0038716298914581947
"(1, 1, 0)","(3, 0, 2, 4)",0.003715855211629932
"(1, 1, 0)","(3, 0, 3, 4)",0.0035816886121531172
"(1, 1, 0)","(3, 1, 0, 4)",0.004700865158267266
"(1, 1, 0)","(3, 1, 1, 4)",0.003428083347186964
"(1, 1, 0)","(3, 1, 2, 4)",0.0040640288544764504
"(1, 1, 0)","(3, 1, 3, 4)",0.003981703695102908
"(1, 1, 0)","(3, 2, 0, 4)",0.016281228001831766
"(1, 1, 0)","(3, 2, 1, 4)",0.006614218294661138
"(1, 1, 0)","(3, 2, 2, 4)",0.003977900804248881
"(1, 1, 0)","(3, 2, 3, 4)",0.0032319634992123746
"(1, 1, 0)","(3, 3, 0, 4)",0.08853718086827028
"(1, 1, 0)","(3, 3, 1, 4)",0.025444513838656292
"(1, 1, 0)","(3, 3, 2, 4)",0.026395349926723495
"(1, 1, 0)","(3, 3, 3, 4)",0.028128580043444307
"(1, 1, 1)","(0, 0, 0, 4)",0.003990799748539548
"(1, 1, 1)","(0, 0, 1, 4)",0.003936139376883874
"(1, 1, 1)","(0, 0, 2, 4)",0.003976995437245075
"(1, 1, 1)","(0, 0, 3, 4)",0.0038335490361459377
"(1, 1, 1)","(0, 1, 0, 4)",0.013009196027654973
"(1, 1, 1)","(0, 1, 1, 4)",0.0041488979720624986
"(1, 1, 1)","(0, 1, 2, 4)",0.003934840562672516
"(1, 1, 1)","(0, 1, 3, 4)",0.003969641469687075
"(1, 1, 1)","(0, 2, 0, 4)",0.24381979826089317
"(1, 1, 1)","(0, 2, 1, 4)",0.005621072273501329
"(1, 1, 1)","(0, 2, 2, 4)",0.00303756957080593
"(1, 1, 1)","(0, 2, 3, 4)",0.0029806369692478253
"(1, 1, 1)","(0, 3, 0, 4)",0.6419028237449909
"(1, 1, 1)","(0, 3, 1, 4)",0.011874718108685994
"(1, 1, 1)","(0, 3, 2, 4)",0.015792215144305677
"(1, 1, 1)","(0, 3, 3, 4)",0.015162296122997073
"(1, 1, 1)","(1, 0, 0, 4)",0.003932191040799001
"(1, 1, 1)","(1, 0, 1, 4)",0.00395704432338827
"(1, 1, 1)","(1, 0, 2, 4)",0.00397870303003285
"(1, 1, 1)","(1, 0, 3, 4)",0.0038887560946317574
"(1, 1, 1)","(1, 1, 0, 4)",0.004180007439288389
"(1, 1, 1)","(1, 1, 1, 4)",0.004046740944641651
"(1, 1, 1)","(1, 1, 2, 4)",0.004220159723129535
"(1, 1, 1)","(1, 1, 3, 4)",0.004084268026860095
"(1, 1, 1)","(1, 2, 0, 4)",0.07447185996831923
"(1, 1, 1)","(1, 2, 1, 4)",0.003034705750831721
"(1, 1, 1)","(1, 2, 2, 4)",0.0036342824901131167
"(1, 1, 1)","(1, 2, 3, 4)",0.0032219763266392878
"(1, 1, 1)","(1, 3, 0, 4)",0.20276305615771428
"(1, 1, 1)","(1, 3, 1, 4)",0.027649250702692446
"(1, 1, 1)","(1, 3, 2, 4)",0.02519912878809557
"(1, 1, 1)","(1, 3, 3, 4)",0.015560782780643215
"(1, 1, 1)","(2, 0, 0, 4)",0.003970663001708945
"(1, 1, 1)","(2, 0, 1, 4)",0.003984234287757997
"(1, 1, 1)","(2, 0, 2, 4)",0.004042027270076612
"(1, 1, 1)","(2, 0, 3, 4)",0.003814807615405443
"(1, 1, 1)","(2, 1, 0, 4)",0.0037811280035154986
"(1, 1, 1)","(2, 1, 1, 4)",0.004069471017461959
"(1, 1, 1)","(2, 1, 2, 4)",0.004136945326237219
"(1, 1, 1)","(2, 1, 3, 4)",0.0040661431220528526
"(1, 1, 1)","(2, 2, 0, 4)",0.00492167064368494
"(1, 1, 1)","(2, 2, 1, 4)",0.003720361499745542
"(1, 1, 1)","(2, 2, 2, 4)",0.0035754078205008236
"(1, 1, 1)","(2, 2, 3, 4)",0.0034153877043724156
"(1, 1, 1)","(2, 3, 0, 4)",0.025903261011216438
"(1, 1, 1)","(2, 3, 1, 4)",0.026717306750293927
"(1, 1, 1)","(2, 3, 2, 4)",0.026602747677600614
"(1, 1, 1)","(2, 3, 3, 4)",0.028026451268837748
"(1, 1, 1)","(3, 0, 0, 4)",0.0038590582211349552
"(1, 1, 1)","(3, 0, 1, 4)",0.0038792694177844393
"(1, 1, 1)","(3, 0, 2, 4)",0.0035502095360872106
"(1, 1, 1)","(3, 0, 3, 4)",0.0038779306837129603
"(1, 1, 1)","(3, 1, 0, 4)",0.0032388315732768186
"(1, 1, 1)","(3, 1, 1, 4)",0.003953384149937388
"(1, 1, 1)","(3, 1, 2, 4)",0.0038117481619250534
"(1, 1, 1)","(3, 1, 3, 4)",0.004065429125816688
"(1, 1, 1)","(3, 2, 0, 4)",0.01600256482563515
"(1, 1, 1)","(3, 2, 1, 4)",0.005133156499811602
"(1, 1, 1)","(3, 2, 2, 4)",0.0038540298629107113
"(1, 1, 1)","(3, 2, 3, 4)",0.0032178187551909106
"(1, 1, 1)","(3, 3, 0, 4)",0.08855514733536533
"(1, 1, 1)","(3, 3, 1, 4)",0.024987367104581985
"(1, 1, 1)","(3, 3, 2, 4)",0.026555737469606617
"(1, 1, 1)","(3, 3, 3, 4)",0.028009950925354465
"(1, 1, 2)","(0, 0, 0, 4)",0.003984727706588666
"(1, 1, 2)","(0, 0, 1, 4)",0.003949507686070779
"(1, 1, 2)","(0, 0, 2, 4)",0.003981248709339901
"(1, 1, 2)","(0, 0, 3, 4)",0.003831499648447528
"(1, 1, 2)","(0, 1, 0, 4)",0.008518682393033883
"(1, 1, 2)","(0, 1, 1, 4)",0.004211953128963294
"(1, 1, 2)","(0, 1, 2, 4)",0.004128675259768859
"(1, 1, 2)","(0, 1, 3, 4)",0.004078095522862973
"(1, 1, 2)","(0, 2, 0, 4)",0.03058703085613359
"(1, 1, 2)","(0, 2, 1, 4)",0.008233273047574421
"(1, 1, 2)","(0, 2, 2, 4)",0.0030241344731214265
"(1, 1, 2)","(0, 2, 3, 4)",0.002988741645951326
"(1, 1, 2)","(0, 3, 0, 4)",0.057898108418862004
"(1, 1, 2)","(0, 3, 1, 4)",0.02730340393468327
"(1, 1, 2)","(0, 3, 2, 4)",0.015451652229253699
"(1, 1, 2)","(0, 3, 3, 4)",0.014645807832926457
"(1, 1, 2)","(1, 0, 0, 4)",0.003951562411044725
"(1, 1, 2)","(1, 0, 1, 4)",0.003968857452578723
"(1, 1, 2)","(1, 0, 2, 4)",0.004031480855488624
"(1, 1, 2)","(1, 0, 3, 4)",0.003877953491012729
"(1, 1, 2)","(1, 1, 0, 4)",0.002586426433178166
"(1, 1, 2)","(1, 1, 1, 4)",0.004108525835667662
"(1, 1, 2)","(1, 1, 2, 4)",0.004222049068296402
"(1, 1, 2)","(1, 1, 3, 4)",0.0038946386186956656
"(1, 1, 2)","(1, 2, 0, 4)",0.049123432665343525
"(1, 1, 2)","(1, 2, 1, 4)",0.0028320487526872704
"(1, 1, 2)","(1, 2, 2, 4)",0.003026260275205986
"(1, 1, 2)","(1, 2, 3, 4)",0.0027883779699749297
"(1, 1, 2)","(1, 3, 0, 4)",0.16984061780353893
"(1, 1, 2)","(1, 3, 1, 4)",0.027072686348236574
"(1, 1, 2)","(1, 3, 2, 4)",0.02300391602398321
"(1, 1, 2)","(1, 3, 3, 4)",0.014516115189483533
"(1, 1, 2)","(2, 0, 0, 4)",0.003987809123180908
"(1, 1, 2)","(2, 0, 1, 4)",0.004001560413834889
"(1, 1, 2)","(2, 0, 2, 4)",0.004036947735896341
"(1, 1, 2)","(2, 0, 3, 4)",0.0038695935697721172
"(1, 1, 2)","(2, 1, 0, 4)",0.0038309367027373033
"(1, 1, 2)","(2, 1, 1, 4)",0.0039431937658
"(1, 1, 2)","(2, 1, 2, 4)",0.004168679917396877
"(1, 1, 2)","(2, 1, 3, 4)",0.004053609855697237
"(1, 1, 2)","(2, 2, 0, 4)",0.03466245214783496
"(1, 1, 2)","(2, 2, 1, 4)",0.003790989786083
"(1, 1, 2)","(2, 2, 2, 4)",0.0033803216267685662
"(1, 1, 2)","(2, 2, 3, 4)",0.0036185222258725003
"(1, 1, 2)","(2, 3, 0, 4)",0.11579159954458747
"(1, 1, 2)","(2, 3, 1, 4)",0.026308012036445817
"(1, 1, 2)","(2, 3, 2, 4)",0.026869942288778276
"(1, 1, 2)","(2, 3, 3, 4)",0.026177529617950758
"(1, 1, 2)","(3, 0, 0, 4)",0.00386779254675211
"(1, 1, 2)","(3, 0, 1, 4)",0.0038868528762872833
"(1, 1, 2)","(3, 0, 2, 4)",0.0037689844070336017
"(1, 1, 2)","(3, 0, 3, 4)",0.0035820521647037923
"(1, 1, 2)","(3, 1, 0, 4)",0.004614638475810685
"(1, 1, 2)","(3, 1, 1, 4)",0.0037868649135033836
"(1, 1, 2)","(3, 1, 2, 4)",0.004022577288085328
"(1, 1, 2)","(3, 1, 3, 4)",0.003914145029833509
"(1, 1, 2)","(3, 2, 0, 4)",0.01268269634885556
"(1, 1, 2)","(3, 2, 1, 4)",0.008609481649459563
"(1, 1, 2)","(3, 2, 2, 4)",0.003804503117474082
"(1, 1, 2)","(3, 2, 3, 4)",0.0033378500597623316
"(1, 1, 2)","(3, 3, 0, 4)",0.08764533612402117
"(1, 1, 2)","(3, 3, 1, 4)",0.019321723263175834
"(1, 1, 2)","(3, 3, 2, 4)",0.026585805422854197
"(1, 1, 2)","(3, 3, 3, 4)",0.028998949388274832
"(2, 0, 0)","(0, 0, 0, 4)",0.003086377236881343
"(2, 0, 0)","(0, 0, 1, 4)",0.006017705962267637
"(2, 0, 0)","(0, 0, 2, 4)",0.005953799459969299
"(2, 0, 0)","(0, 0, 3, 4)",0.004243594678524455
"(2, 0, 0)","(0, 1, 0, 4)",0.005991679045328073
"(2, 0, 0)","(0, 1, 1, 4)",0.0041806067084154425
"(2, 0, 0)","(0, 1, 2, 4)",0.004106097878209045
"(2, 0, 0)","(0, 1, 3, 4)",0.003960735141410704
"(2, 0, 0)","(0, 2, 0, 4)",0.02214281529000049
"(2, 0, 0)","(0, 2, 1, 4)",0.00634761066138306
"(2, 0, 0)","(0, 2, 2, 4)",0.0032512013945204714
"(2, 0, 0)","(0, 2, 3, 4)",0.0035492718568117974
"(2, 0, 0)","(0, 3, 0, 4)",0.06846754776042877
"(2, 0, 0)","(0, 3, 1, 4)",0.013248397507479925
"(2, 0, 0)","(0, 3, 2, 4)",0.011904597274060898
"(2, 0, 0)","(0, 3, 3, 4)",0.014149141766869825
"(2, 0, 0)","(1, 0, 0, 4)",0.003937117207160962
"(2, 0, 0)","(1, 0, 1, 4)",0.0032772705175591935
"(2, 0, 0)","(1, 0, 2, 4)",0.0025624138951090237
"(2, 0, 0)","(1, 0, 3, 4)",0.003381242577297337
"(2, 0, 0)","(1, 1, 0, 4)",0.0039414242243463096
"(2, 0, 0)","(1, 1, 1, 4)",0.004085197572455914
"(2, 0, 0)","(1, 1, 2, 4)",0.004017626036357619
"(2, 0, 0)","(1, 1, 3, 4)",0.00405537776754541
"(2, 0, 0)","(1, 2, 0, 4)",0.008568627866489823
"(2, 0, 0)","(1, 2, 1, 4)",0.004191739879278681
"(2, 0, 0)","(1, 2, 2, 4)",0.0031563793573557873
"(2, 0, 0)","(1, 2, 3, 4)",0.00404075080480624
"(2, 0, 0)","(1, 3, 0, 4)",0.039424025492276873
"(2, 0, 0)","(1, 3, 1, 4)",0.025548796015424174
"(2, 0, 0)","(1, 3, 2, 4)",0.014562981115033352
"(2, 0, 0)","(1, 3, 3, 4)",0.011408650154782972
"(2, 0, 0)","(2, 0, 0, 4)",0.003078497378795115
"(2, 0, 0)","(2, 0, 1, 4)",0.00488423639712218
"(2, 0, 0)","(2, 0, 2, 4)",0.005639447461290763
"(2, 0, 0)","(2, 0, 3, 4)",0.007176513727765411
"(2, 0, 0)","(2, 1, 0, 4)",0.0031755236963895645
"(2, 0, 0)","(2, 1, 1, 4)",0.0039764601117247035
"(2, 0, 0)","(2, 1, 2, 4)",0.004712277624927599
"(2, 0, 0)","(2, 1, 3, 4)",0.003931130610171039
"(2, 0, 0)","(2, 2, 0, 4)",0.005418835441581414
"(2, 0, 0)","(2, 2, 1, 4)",0.004200060941353503
"(2, 0, 0)","(2, 2, 2, 4)",0.003745996726523861
"(2, 0, 0)","(2, 2, 3, 4)",0.002010326923868254
"(2, 0, 0)","(2, 3, 0, 4)",0.03366760979358261
"(2, 0, 0)","(2, 3, 1, 4)",0.015766155411866125
"(2, 0, 0)","(2, 3, 2, 4)",0.01618125907628435
"(2, 0, 0)","(2, 3, 3, 4)",0.014376700520307489
"(2, 0, 0)","(3, 0, 0, 4)",0.0034661533361649384
"(2, 0, 0)","(3, 0, 1, 4)",0.003415457929822953
"(2, 0, 0)","(3, 0, 2, 4)",0.0031246397217022325
"(2, 0, 0)","(3, 0, 3, 4)",0.004930541889386098
"(2, 0, 0)","(3, 1, 0, 4)",0.0025804871337366366
"(2, 0, 0)","(3, 1, 1, 4)",0.002804602018845191
"(2, 0, 0)","(3, 1, 2, 4)",0.004117968418915185
"(2, 0, 0)","(3, 1, 3, 4)",0.0046392996596281155
"(2, 0, 0)","(3, 2, 0, 4)",0.005818215390378426
"(2, 0, 0)","(3, 2, 1, 4)",0.004079234778547604
"(2, 0, 0)","(3, 2, 2, 4)",0.0027852434295379063
"(2, 0, 0)","(3, 2, 3, 4)",0.00372924942173697
"(2, 0, 0)","(3, 3, 0, 4)",0.033145984022004735
"(2, 0, 0)","(3, 3, 1, 4)",0.014597755722378158
"(2, 0, 0)","(3, 3, 2, 4)",0.018041249801844118
"(2, 0, 0)","(3, 3, 3, 4)",0.01604249423044511
"(2, 0, 1)","(0, 0, 0, 4)",0.003914151482590443
"(2, 0, 1)","(0, 0, 1, 4)",0.003876682365086298
"(2, 0, 1)","(0, 0, 2, 4)",0.003930641818376243
"(2, 0, 1)","(0, 0, 3, 4)",0.0038959928322039447
"(2, 0, 1)","(0, 1, 0, 4)",0.005028220961212057
"(2, 0, 1)","(0, 1, 1, 4)",0.004145991376680232
"(2, 0, 1)","(0, 1, 2, 4)",0.004247240529157894
"(2, 0, 1)","(0, 1, 3, 4)",0.0040586132056210185
"(2, 0, 1)","(0, 2, 0, 4)",0.01750251522848627
"(2, 0, 1)","(0, 2, 1, 4)",0.005499059751423873
"(2, 0, 1)","(0, 2, 2, 4)",0.0030946936187773097
"(2, 0, 1)","(0, 2, 3, 4)",0.002913098671629232
"(2, 0, 1)","(0, 3, 0, 4)",0.060330635726027426
"(2, 0, 1)","(0, 3, 1, 4)",0.058168134313955025
"(2, 0, 1)","(0, 3, 2, 4)",0.014649465766120673
"(2, 0, 1)","(0, 3, 3, 4)",0.015865069460689146
"(2, 0, 1)","(1, 0, 0, 4)",0.004557713764729338
"(2, 0, 1)","(1, 0, 1, 4)",0.003801103650754574
"(2, 0, 1)","(1, 0, 2, 4)",0.003417042846466202
"(2, 0, 1)","(1, 0, 3, 4)",0.0037711622029077767
"(2, 0, 1)","(1, 1, 0, 4)",0.002549134438911877
"(2, 0, 1)","(1, 1, 1, 4)",0.003682963860217886
"(2, 0, 1)","(1, 1, 2, 4)",0.004368175296779071
"(2, 0, 1)","(1, 1, 3, 4)",0.0043639659713247255
"(2, 0, 1)","(1, 2, 0, 4)",0.0053058588744375485
"(2, 0, 1)","(1, 2, 1, 4)",0.0036405283888067603
"(2, 0, 1)","(1, 2, 2, 4)",0.0025078831309735816
"(2, 0, 1)","(1, 2, 3, 4)",0.003983701278213182
"(2, 0, 1)","(1, 3, 0, 4)",0.027345359799222518
"(2, 0, 1)","(1, 3, 1, 4)",0.015207548850480982
"(2, 0, 1)","(1, 3, 2, 4)",0.022774399260760816
"(2, 0, 1)","(1, 3, 3, 4)",0.0061291880038950195
"(2, 0, 1)","(2, 0, 0, 4)",0.00492349673417409
"(2, 0, 1)","(2, 0, 1, 4)",0.002537631281572412
"(2, 0, 1)","(2, 0, 2, 4)",0.0033710456222383425
"(2, 0, 1)","(2, 0, 3, 4)",0.0022571933074379802
"(2, 0, 1)","(2, 1, 0, 4)",0.003078328033242774
"(2, 0, 1)","(2, 1, 1, 4)",0.004084351689453398
"(2, 0, 1)","(2, 1, 2, 4)",0.0043199115221717954
"(2, 0, 1)","(2, 1, 3, 4)",0.0038774714659358446
"(2, 0, 1)","(2, 2, 0, 4)",0.004047456999244258
"(2, 0, 1)","(2, 2, 1, 4)",0.0038256772256229097
"(2, 0, 1)","(2, 2, 2, 4)",0.0036382248323602456
"(2, 0, 1)","(2, 2, 3, 4)",0.005124786926215748
"(2, 0, 1)","(2, 3, 0, 4)",0.03225625100560938
"(2, 0, 1)","(2, 3, 1, 4)",0.008422231599716173
"(2, 0, 1)","(2, 3, 2, 4)",0.014675415299970924
"(2, 0, 1)","(2, 3, 3, 4)",0.013797926800048802
"(2, 0, 1)","(3, 0, 0, 4)",0.003137475114207363
"(2, 0, 1)","(3, 0, 1, 4)",0.004027369313603679
"(2, 0, 1)","(3, 0, 2, 4)",0.003080804725655202
"(2, 0, 1)","(3, 0, 3, 4)",1.0
"(2, 0, 1)","(3, 1, 0, 4)",0.002868903175329803
"(2, 0, 1)","(3, 1, 1, 4)",0.00254997324750214
"(2, 0, 1)","(3, 1, 2, 4)",0.004074325998481248
"(2, 0, 1)","(3, 1, 3, 4)",0.003833831049881455
"(2, 0, 1)","(3, 2, 0, 4)",0.005529735932347801
"(2, 0, 1)","(3, 2, 1, 4)",0.004052997365474211
"(2, 0, 1)","(3, 2, 2, 4)",0.003292131743604811
"(2, 0, 1)","(3, 2, 3, 4)",0.003271740799661418
"(2, 0, 1)","(3, 3, 0, 4)",0.030746605987484455
"(2, 0, 1)","(3, 3, 1, 4)",0.013056296560514994
"(2, 0, 1)","(3, 3, 2, 4)",0.013591184924585522
"(2, 0, 1)","(3, 3, 3, 4)",0.013840477629960535
"(2, 0, 2)","(0, 0, 0, 4)",0.00398481214648704
"(2, 0, 2)","(0, 0, 1, 4)",0.0039250541295317186
"(2, 0, 2)","(0, 0, 2, 4)",0.003930770529162842
"(2, 0, 2)","(0, 0, 3, 4)",0.0038017772707038405
"(2, 0, 2)","(0, 1, 0, 4)",0.00523120658045947
"(2, 0, 2)","(0, 1, 1, 4)",0.004078454856761447
"(2, 0, 2)","(0, 1, 2, 4)",0.004028121575489298
"(2, 0, 2)","(0, 1, 3, 4)",0.004111014445676231
"(2, 0, 2)","(0, 2, 0, 4)",0.010818133574537958
"(2, 0, 2)","(0, 2, 1, 4)",0.004727193973779746
"(2, 0, 2)","(0, 2, 2, 4)",0.004263236699083214
"(2, 0, 2)","(0, 2, 3, 4)",0.004372363703199677
"(2, 0, 2)","(0, 3, 0, 4)",0.05685671638403676
"(2, 0, 2)","(0, 3, 1, 4)",0.01566050404185043
"(2, 0, 2)","(0, 3, 2, 4)",0.007549024017443633
"(2, 0, 2)","(0, 3, 3, 4)",0.013996441805282367
"(2, 0, 2)","(1, 0, 0, 4)",0.0048940880564015896
"(2, 0, 2)","(1, 0, 1, 4)",1.0
"(2, 0, 2)","(1, 0, 2, 4)",0.002850745595769105
"(2, 0, 2)","(1, 0, 3, 4)",0.003132267634691742
"(2, 0, 2)","(1, 1, 0, 4)",0.0035473985292197494
"(2, 0, 2)","(1, 1, 1, 4)",0.004053978271603809
"(2, 0, 2)","(1, 1, 2, 4)",0.003949155459883754
"(2, 0, 2)","(1, 1, 3, 4)",0.004012781033850245
"(2, 0, 2)","(1, 2, 0, 4)",0.0058164559359899625
"(2, 0, 2)","(1, 2, 1, 4)",0.005063564716154359
"(2, 0, 2)","(1, 2, 2, 4)",0.003579081427097462
"(2, 0, 2)","(1, 2, 3, 4)",0.002020171156337145
"(2, 0, 2)","(1, 3, 0, 4)",0.03263728797895218
"(2, 0, 2)","(1, 3, 1, 4)",0.01643636278581045
"(2, 0, 2)","(1, 3, 2, 4)",0.015044334355607291
"(2, 0, 2)","(1, 3, 3, 4)",0.01827223186353914
"(2, 0, 2)","(2, 0, 0, 4)",0.002187151184255209
"(2, 0, 2)","(2, 0, 1, 4)",0.003002293196643855
"(2, 0, 2)","(2, 0, 2, 4)",0.00353690293213184
"(2, 0, 2)","(2, 0, 3, 4)",1.0
"(2, 0, 2)","(2, 1, 0, 4)",0.0030297430917869913
"(2, 0, 2)","(2, 1, 1, 4)",0.004093913572066866
"(2, 0, 2)","(2, 1, 2, 4)",0.004027273085937422
"(2, 0, 2)","(2, 1, 3, 4)",0.00404891248797443
"(2, 0, 2)","(2, 2, 0, 4)",0.004241966629507354
"(2, 0, 2)","(2, 2, 1, 4)",0.0033304658753744456
"(2, 0, 2)","(2, 2, 2, 4)",0.004002184127520627
"(2, 0, 2)","(2, 2, 3, 4)",0.004518061068912385
"(2, 0, 2)","(2, 3, 0, 4)",0.029761901494519283
"(2, 0, 2)","(2, 3, 1, 4)",0.020756398984802166
"(2, 0, 2)","(2, 3, 2, 4)",0.015225651999410372
"(2, 0, 2)","(2, 3, 3, 4)",0.014764577297165548
"(2, 0, 2)","(3, 0, 0, 4)",0.0032251402257889084
"(2, 0, 2)","(3, 0, 1, 4)",0.0028046798091072465
"(2, 0, 2)","(3, 0, 2, 4)",0.0025132429592494487
"(2, 0, 2)","(3, 0, 3, 4)",1.0
"(2, 0, 2)","(3, 1, 0, 4)",0.0025102761874774776
"(2, 0, 2)","(3, 1, 1, 4)",0.003970875216578317
"(2, 0, 2)","(3, 1, 2, 4)",0.003948843223011876
"(2, 0, 2)","(3, 1, 3, 4)",0.004151838047207125
"(2, 0, 2)","(3, 2, 0, 4)",0.005569642697138946
"(2, 0, 2)","(3, 2, 1, 4)",0.0032244541544135695
"(2, 0, 2)","(3, 2, 2, 4)",0.003218438510980093
"(2, 0, 2)","(3, 2, 3, 4)",0.0038988088647630135
"(2, 0, 2)","(3, 3, 0, 4)",0.03222161061997435
"(2, 0, 2)","(3, 3, 1, 4)",0.013294620519000488
"(2, 0, 2)","(3, 3, 2, 4)",0.014877772437457349
"(2, 0, 2)","(3, 3, 3, 4)",0.01586420287623561
"(2, 1, 0)","(0, 0, 0, 4)",0.0040201126461214196
"(2, 1, 0)","(0, 0, 1, 4)",0.0039620822561116705
"(2, 1, 0)","(0, 0, 2, 4)",0.0040018095618760356
"(2, 1, 0)","(0, 0, 3, 4)",0.003852565598802761
"(2, 1, 0)","(0, 1, 0, 4)",0.013389780919721558
"(2, 1, 0)","(0, 1, 1, 4)",0.0041554815245676375
"(2, 1, 0)","(0, 1, 2, 4)",0.00411626823493575
"(2, 1, 0)","(0, 1, 3, 4)",0.00412833962306113
"(2, 1, 0)","(0, 2, 0, 4)",0.23964373148392742
"(2, 1, 0)","(0, 2, 1, 4)",0.01343420025572139
"(2, 1, 0)","(0, 2, 2, 4)",0.0030725916240398805
"(2, 1, 0)","(0, 2, 3, 4)",0.0029932403223011874
"(2, 1, 0)","(0, 3, 0, 4)",0.6475582131619315
"(2, 1, 0)","(0, 3, 1, 4)",0.06800237142050689
"(2, 1, 0)","(0, 3, 2, 4)",0.014843719509135262
"(2, 1, 0)","(0, 3, 3, 4)",0.016092933251359434
"(2, 1, 0)","(1, 0, 0, 4)",0.003958317164937596
"(2, 1, 0)","(1, 0, 1, 4)",0.0039835476013501455
"(2, 1, 0)","(1, 0, 2, 4)",0.004000372067924607
"(2, 1, 0)","(1, 0, 3, 4)",0.003910871323143996
"(2, 1, 0)","(1, 1, 0, 4)",0.0033172378761377173
"(2, 1, 0)","(1, 1, 1, 4)",0.004074685893257976
"(2, 1, 0)","(1, 1, 2, 4)",0.004237009969459288
"(2, 1, 0)","(1, 1, 3, 4)",0.004117705044974414
"(2, 1, 0)","(1, 2, 0, 4)",0.07233538626256575
"(2, 1, 0)","(1, 2, 1, 4)",0.003323926753737849
"(2, 1, 0)","(1, 2, 2, 4)",0.0031781678648459925
"(2, 1, 0)","(1, 2, 3, 4)",0.0021738499322857623
"(2, 1, 0)","(1, 3, 0, 4)",0.19024047795614846
"(2, 1, 0)","(1, 3, 1, 4)",0.02697653406559574
"(2, 1, 0)","(1, 3, 2, 4)",0.023413247233156416
"(2, 1, 0)","(1, 3, 3, 4)",0.015346445278997322
"(2, 1, 0)","(2, 0, 0, 4)",0.003996380826887147
"(2, 1, 0)","(2, 0, 1, 4)",0.004031719299024221
"(2, 1, 0)","(2, 0, 2, 4)",0.00405925818347601
"(2, 1, 0)","(2, 0, 3, 4)",0.0038809316683781057
"(2, 1, 0)","(2, 1, 0, 4)",0.003848442209213327
"(2, 1, 0)","(2, 1, 1, 4)",0.004092959642606556
"(2, 1, 0)","(2, 1, 2, 4)",0.004144657248962515
"(2, 1, 0)","(2, 1, 3, 4)",0.0040688882763534
"(2, 1, 0)","(2, 2, 0, 4)",0.03539111729936286
"(2, 1, 0)","(2, 2, 1, 4)",0.00383190369102747
"(2, 1, 0)","(2, 2, 2, 4)",0.0035516022053728334
"(2, 1, 0)","(2, 2, 3, 4)",0.0032777303409595427
"(2, 1, 0)","(2, 3, 0, 4)",0.11562524332568672
"(2, 1, 0)","(2, 3, 1, 4)",0.028318599355647327
"(2, 1, 0)","(2, 3, 2, 4)",0.026791755882476148
"(2, 1, 0)","(2, 3, 3, 4)",0.030437407826926006
"(2, 1, 0)","(3, 0, 0, 4)",0.0038862530185257366
"(2, 1, 0)","(3, 0, 1, 4)",0.0039060867141938946
"(2, 1, 0)","(3, 0, 2, 4)",0.0037728083282182663
"(2, 1, 0)","(3, 0, 3, 4)",0.0035800008666399736
"(2, 1, 0)","(3, 1, 0, 4)",0.004614644788386161
"(2, 1, 0)","(3, 1, 1, 4)",0.0041846440760938365
"(2, 1, 0)","(3, 1, 2, 4)",0.004099377224560172
"(2, 1, 0)","(3, 1, 3, 4)",0.004040067795853683
"(2, 1, 0)","(3, 2, 0, 4)",0.016010891278068318
"(2, 1, 0)","(3, 2, 1, 4)",0.006951494243684209
"(2, 1, 0)","(3, 2, 2, 4)",0.0038249862482915052
"(2, 1, 0)","(3, 2, 3, 4)",0.0031582643107837018
"(2, 1, 0)","(3, 3, 0, 4)",0.08775651165431682
"(2, 1, 0)","(3, 3, 1, 4)",0.019224544241565975
"(2, 1, 0)","(3, 3, 2, 4)",0.025563954369340586
"(2, 1, 0)","(3, 3, 3, 4)",0.028122768122620267
"(2, 1, 1)","(0, 0, 0, 4)",0.003987975728799408
"(2, 1, 1)","(0, 0, 1, 4)",0.003961547546814743
"(2, 1, 1)","(0, 0, 2, 4)",0.0039643172451399224
"(2, 1, 1)","(0, 0, 3, 4)",0.0038563198953485032
"(2, 1, 1)","(0, 1, 0, 4)",0.007971077368729353
"(2, 1, 1)","(0, 1, 1, 4)",0.004144007350412437
"(2, 1, 1)","(0, 1, 2, 4)",0.004120306042575942
"(2, 1, 1)","(0, 1, 3, 4)",0.003990150044749507
"(2, 1, 1)","(0, 2, 0, 4)",0.24060165781722231
"(2, 1, 1)","(0, 2, 1, 4)",0.0049471446050576295
"(2, 1, 1)","(0, 2, 2, 4)",0.003002432580580473
"(2, 1, 1)","(0, 2, 3, 4)",0.003015043657885074
"(2, 1, 1)","(0, 3, 0, 4)",0.6443183865144135
"(2, 1, 1)","(0, 3, 1, 4)",0.015568480110371504
"(2, 1, 1)","(0, 3, 2, 4)",0.01431167919256086
"(2, 1, 1)","(0, 3, 3, 4)",0.015397257070221085
"(2, 1, 1)","(1, 0, 0, 4)",0.003953187727665314
"(2, 1, 1)","(1, 0, 1, 4)",0.003964871983117381
"(2, 1, 1)","(1, 0, 2, 4)",0.00401544543320063
"(2, 1, 1)","(1, 0, 3, 4)",0.0038958833430870502
"(2, 1, 1)","(1, 1, 0, 4)",0.0029562799638852915
"(2, 1, 1)","(1, 1, 1, 4)",0.004081019696216394
"(2, 1, 1)","(1, 1, 2, 4)",0.004211719362495834
"(2, 1, 1)","(1, 1, 3, 4)",0.004065369135517708
"(2, 1, 1)","(1, 2, 0, 4)",0.07526331448849523
"(2, 1, 1)","(1, 2, 1, 4)",0.0028859654705178277
"(2, 1, 1)","(1, 2, 2, 4)",0.003464030350384137
"(2, 1, 1)","(1, 2, 3, 4)",0.002136077068386536
"(2, 1, 1)","(1, 3, 0, 4)",0.19103817862089328
"(2, 1, 1)","(1, 3, 1, 4)",0.027789759723451147
"(2, 1, 1)","(1, 3, 2, 4)",0.021727546521828546
"(2, 1, 1)","(1, 3, 3, 4)",0.015008180690000563
"(2, 1, 1)","(2, 0, 0, 4)",0.003990090949771527
"(2, 1, 1)","(2, 0, 1, 4)",0.004015144187792848
"(2, 1, 1)","(2, 0, 2, 4)",0.004047770701500358
"(2, 1, 1)","(2, 0, 3, 4)",0.0035737700492291026
"(2, 1, 1)","(2, 1, 0, 4)",0.0035406556441068097
"(2, 1, 1)","(2, 1, 1, 4)",0.003536752291320021
"(2, 1, 1)","(2, 1, 2, 4)",0.0039900501015567285
"(2, 1, 1)","(2, 1, 3, 4)",0.003994596786031759
"(2, 1, 1)","(2, 2, 0, 4)",0.025865710624978666
"(2, 1, 1)","(2, 2, 1, 4)",0.003505402432972156
"(2, 1, 1)","(2, 2, 2, 4)",0.0030397310755861605
"(2, 1, 1)","(2, 2, 3, 4)",0.002871985758710435
"(2, 1, 1)","(2, 3, 0, 4)",0.11528252949336411
"(2, 1, 1)","(2, 3, 1, 4)",0.026892155442585573
"(2, 1, 1)","(2, 3, 2, 4)",0.02684152130279486
"(2, 1, 1)","(2, 3, 3, 4)",0.028129986375767572
"(2, 1, 1)","(3, 0, 0, 4)",0.003875359635592859
"(2, 1, 1)","(3, 0, 1, 4)",0.00391397651775553
"(2, 1, 1)","(3, 0, 2, 4)",0.0037778593996571643
"(2, 1, 1)","(3, 0, 3, 4)",0.0036603545566379946
"(2, 1, 1)","(3, 1, 0, 4)",0.004235638658519861
"(2, 1, 1)","(3, 1, 1, 4)",0.003303977980170922
"(2, 1, 1)","(3, 1, 2, 4)",0.004125702333859831
"(2, 1, 1)","(3, 1, 3, 4)",0.003994089545433988
"(2, 1, 1)","(3, 2, 0, 4)",0.013913171724792853
"(2, 1, 1)","(3, 2, 1, 4)",0.005156457462860529
"(2, 1, 1)","(3, 2, 2, 4)",0.0035396198152153383
"(2, 1, 1)","(3, 2, 3, 4)",0.0037811639894449857
"(2, 1, 1)","(3, 3, 0, 4)",0.08774304966222277
"(2, 1, 1)","(3, 3, 1, 4)",0.019068494194261307
"(2, 1, 1)","(3, 3, 2, 4)",0.02575352081425345
"(2, 1, 1)","(3, 3, 3, 4)",0.027936149730912452
"(2, 1, 2)","(0, 0, 0, 4)",0.003937943615323656
"(2, 1, 2)","(0, 0, 1, 4)",0.003912510128971503
"(2, 1, 2)","(0, 0, 2, 4)",0.003936903288594589
"(2, 1, 2)","(0, 0, 3, 4)",0.0038170197160619966
"(2, 1, 2)","(0, 1, 0, 4)",0.00531130050963452
"(2, 1, 2)","(0, 1, 1, 4)",0.004111595094036088
"(2, 1, 2)","(0, 1, 2, 4)",0.004097502060702401
"(2, 1, 2)","(0, 1, 3, 4)",0.004106941564632258
"(2, 1, 2)","(0, 2, 0, 4)",0.03656805429469288
"(2, 1, 2)","(0, 2, 1, 4)",0.004669334112884652
"(2, 1, 2)","(0, 2, 2, 4)",0.0030002412932853767
"(2, 1, 2)","(0, 2, 3, 4)",0.0030376590983665604
"(2, 1, 2)","(0, 3, 0, 4)",0.06357562624940295
"(2, 1, 2)","(0, 3, 1, 4)",0.012224200561053713
"(2, 1, 2)","(0, 3, 2, 4)",0.00856694284339653
"(2, 1, 2)","(0, 3, 3, 4)",0.010919997250550739
"(2, 1, 2)","(1, 0, 0, 4)",0.003907575573796562
"(2, 1, 2)","(1, 0, 1, 4)",0.003945076652897554
"(2, 1, 2)","(1, 0, 2, 4)",0.003961304178822109
"(2, 1, 2)","(1, 0, 3, 4)",0.00387991888814182
"(2, 1, 2)","(1, 1, 0, 4)",0.0029109787106164587
"(2, 1, 2)","(1, 1, 1, 4)",0.0041229836740662535
"(2, 1, 2)","(1, 1, 2, 4)",0.00422290660546281
"(2, 1, 2)","(1, 1, 3, 4)",0.004128790037302103
"(2, 1, 2)","(1, 2, 0, 4)",0.004708619735567532
"(2, 1, 2)","(1, 2, 1, 4)",0.002288851952215238
"(2, 1, 2)","(1, 2, 2, 4)",0.002475736171293065
"(2, 1, 2)","(1, 2, 3, 4)",0.0033108163303239672
"(2, 1, 2)","(1, 3, 0, 4)",0.0285639286269682
"(2, 1, 2)","(1, 3, 1, 4)",0.0266759581930472
"(2, 1, 2)","(1, 3, 2, 4)",0.021498264160618813
"(2, 1, 2)","(1, 3, 3, 4)",0.008103573147263326
"(2, 1, 2)","(2, 0, 0, 4)",0.003941449165405485
"(2, 1, 2)","(2, 0, 1, 4)",0.003934218862940627
"(2, 1, 2)","(2, 0, 2, 4)",0.003955944158142198
"(2, 1, 2)","(2, 0, 3, 4)",0.0038132633634182086
"(2, 1, 2)","(2, 1, 0, 4)",0.0025825278181309287
"(2, 1, 2)","(2, 1, 1, 4)",0.004099400744564818
"(2, 1, 2)","(2, 1, 2, 4)",0.004091570412623489
"(2, 1, 2)","(2, 1, 3, 4)",0.004046733863474072
"(2, 1, 2)","(2, 2, 0, 4)",0.003849701536490962
"(2, 1, 2)","(2, 2, 1, 4)",0.0030098968748924018
"(2, 1, 2)","(2, 2, 2, 4)",0.0032469220754593733
"(2, 1, 2)","(2, 2, 3, 4)",0.0036137049093732457
"(2, 1, 2)","(2, 3, 0, 4)",0.11304151210097504
"(2, 1, 2)","(2, 3, 1, 4)",0.026997447261811768
"(2, 1, 2)","(2, 3, 2, 4)",0.027927677056714
"(2, 1, 2)","(2, 3, 3, 4)",0.02659996825673333
"(2, 1, 2)","(3, 0, 0, 4)",0.003815084327536101
"(2, 1, 2)","(3, 0, 1, 4)",0.0038597342536915514
"(2, 1, 2)","(3, 0, 2, 4)",0.0036850013111383606
"(2, 1, 2)","(3, 0, 3, 4)",0.0038261955570859643
"(2, 1, 2)","(3, 1, 0, 4)",0.004573371987383987
"(2, 1, 2)","(3, 1, 1, 4)",0.004233822048294363
"(2, 1, 2)","(3, 1, 2, 4)",0.003985190591599463
"(2, 1, 2)","(3, 1, 3, 4)",0.004018424276424756
"(2, 1, 2)","(3, 2, 0, 4)",0.012043624892945724
"(2, 1, 2)","(3, 2, 1, 4)",0.006110558208466733
"(2, 1, 2)","(3, 2, 2, 4)",0.0037569714521228335
"(2, 1, 2)","(3, 2, 3, 4)",0.0018255934104229414
"(2, 1, 2)","(3, 3, 0, 4)",0.0879999379505155
"(2, 1, 2)","(3, 3, 1, 4)",0.024366489398035807
"(2, 1, 2)","(3, 3, 2, 4)",0.026919993819794607
"(2, 1, 2)","(3, 3, 3, 4)",0.027842078686865356
